item_id,denumire,total_valoare,cantitate,pret_unitar,moneda,validare,sursa,source_value_row,source_qty_row,observatii
MED-0001,Ac acetici sol.5%-100 ml,32.49,1.0,32.49,MDL,OK,Лист3,12,13,
MED-0002,Ac chirurgical  BE 560-1,355.1,24.0,14.7958,MDL,OK,Лист3,14,15,
MED-0003,"Ac chirurgical  BE 560-13,14,15,17,18,19,20,21",2113.04,192.0,11.0054,MDL,OK,Лист3,16,17,
MED-0004,"Ac chirurgical  BE 560-2,4",710.2,48.0,14.7958,MDL,OK,Лист3,18,19,
MED-0005,"Ac chirurgical  BE 560-5,7",537.58,48.0,11.1996,MDL,OK,Лист3,20,21,
MED-0006,Ac chirurgical  BER 561-22,235.09,24.0,9.7954,MDL,OK,Лист3,22,23,
MED-0007,Ac chirurgical  BER 562-1,283.31,24.0,11.8046,MDL,OK,Лист3,24,25,
MED-0008,"Ac chirurgical  BER 562-11,12,14,16,17,18,19,20,21",2202.21,216.0,10.1954,MDL,OK,Лист3,26,27,
MED-0009,Ac chirurgical  BER 562-4,283.31,24.0,11.8046,MDL,OK,Лист3,28,29,
MED-0010,"Ac chirurgical  BER 562-5,8,9",734.07,72.0,10.1954,MDL,OK,Лист3,30,31,
MED-0011,Ac chirurgical  BER 562-7,244.69,24.0,10.1954,MDL,OK,Лист3,32,33,
MED-0012,"Ac chirurgical  BR 510 - 0,00",335.92,24.0,13.9967,MDL,OK,Лист3,34,35,
MED-0013,Ac chirurgical  BR 510 - 000,335.92,24.0,13.9967,MDL,OK,Лист3,36,37,
MED-0014,Ac chirurgical  BR 510-1,278.38,24.0,11.5992,MDL,OK,Лист3,38,39,
MED-0015,"Ac chirurgical  BR 510-13,14,16",367.02,36.0,10.195,MDL,OK,Лист3,40,41,
MED-0016,"Ac chirurgical  BR 510-4,5,6",734.07,72.0,10.1954,MDL,OK,Лист3,42,43,
MED-0017,"Ac chirurgical  BR 510-7,8,9",367.02,36.0,10.195,MDL,OK,Лист3,44,45,
MED-0018,"Ac chirurgical  E 530 - 0  ,00",528.26,48.0,11.0054,MDL,OK,Лист3,46,47,
MED-0019,Ac chirurgical  E 530 - 000,287.97,24.0,11.9988,MDL,OK,Лист3,48,49,
MED-0020,"Ac chirurgical  E 530 - 1 ,2",528.26,48.0,11.0054,MDL,OK,Лист3,50,51,
MED-0021,"Ac chirurgical  E 530-3,4",528.26,48.0,11.0054,MDL,OK,Лист3,52,53,
MED-0022,"Ac chirurgical  E 530-5,6,7,8",528.24,48.0,11.005,MDL,OK,Лист3,54,55,
MED-0023,"Ac chirurgical  ET 528-0,1,2,3,4",1524.1,120.0,12.7008,MDL,OK,Лист3,56,57,
MED-0024,Ac chirurgical  ET 528-000,379.21,24.0,15.8004,MDL,OK,Лист3,58,59,
MED-0025,"Ac chirurgical  ET 528-5,6,7,8",609.64,48.0,12.7008,MDL,OK,Лист3,60,61,
MED-0026,Ac chirurgical  G 503-16,264.13,24.0,11.0054,MDL,OK,Лист3,62,63,
MED-0027,"Ac chirurgical  GE 548-1,2,3",1080.09,72.0,15.0012,MDL,OK,Лист3,64,65,
MED-0028,"Ac chirurgical  GE 548-5,6,7,11,13,14,15,16,17,18,19,20,21,22",3697.82,336.0,11.0054,MDL,OK,Лист3,66,67,
MED-0029,Ac chirurgical  GE 548-9,264.13,24.0,11.0054,MDL,OK,Лист3,68,69,
MED-0030,"Ac chirurgical  GT 516 - 2,3,4,5,6",1919.35,120.0,15.9946,MDL,OK,Лист3,70,71,
MED-0031,Ac chirurgical  GT 516 - 8-9,287.98,24.0,11.9992,MDL,OK,Лист3,72,73,
MED-0032,"Ac chirurgical  H 522- 0,1",287.98,24.0,11.9992,MDL,OK,Лист3,74,75,
MED-0033,Ac chirurgical  H 522- 00,185.98,12.0,15.4983,MDL,OK,Лист3,76,77,
MED-0034,"Ac chirurgical  H 522- 2,3,4,5",1151.88,96.0,11.9988,MDL,OK,Лист3,78,79,
MED-0035,Ac chirurgical  HR 422- 0,264.13,24.0,11.0054,MDL,OK,Лист3,80,81,
MED-0036,Ac chirurgical  HR 422- 00,287.97,24.0,11.9988,MDL,OK,Лист3,82,83,
MED-0037,"Ac chirurgical  HR 422-1,2,3,4,5",1320.65,120.0,11.0054,MDL,OK,Лист3,84,85,
MED-0038,"Ac chirurgical GER 566-18,19,20,21,22",635.7,60.0,10.595,MDL,OK,Лист3,86,87,
MED-0039,"Ac chirurgical GER 566-2,3,4",424.95,36.0,11.8042,MDL,OK,Лист3,88,89,
MED-0040,"Ac chirurgical GER 566-5,6,7,8,9,12,13,14,16",2288.52,216.0,10.595,MDL,OK,Лист3,90,91,
MED-0041,"Ac chirurgical GT 516-0,00,000",1325.04,72.0,18.4033,MDL,OK,Лист3,92,93,
MED-0042,"Ac chirurgical GT 516-14,15,16",1151.88,96.0,11.9988,MDL,OK,Лист3,94,95,
MED-0043,Acarilbial sol.cutan.277mg/ml 200ml N1,724.82,7.0,103.5457,MDL,OK,Лист3,96,97,
MED-0044,Aceclofenac 100mg comp.N30,105.0,150.0,0.7,MDL,OK,Лист3,98,99,
MED-0045,Acesol sol.perf400ml N1,4039.2,200.0,20.196,MDL,OK,Лист3,100,101,
MED-0046,Aciclovir caps.200mg N30,37.8,1050.0,0.036,MDL,OK,Лист3,102,103,
MED-0047,"Acid acetilsalicilic comp. 0,5 g N10",58.34,300.0,0.1945,MDL,OK,Лист3,104,105,
MED-0048,Acid aminocapronic sol. perf. 5% 100 ml N1,1142.5,49.0,23.3163,MDL,OK,Лист3,106,107,
MED-0049,Acid ascorbic 500mg/5ml N5,3308.8,2350.0,1.408,MDL,OK,Лист3,108,109,
MED-0050,Acid ascorbic draj.50mgN50,26.76,200.0,0.1338,MDL,OK,Лист3,110,111,
MED-0051,Acid folic comp.1mg N60,42.06,380.0,0.1107,MDL,OK,Лист3,112,113,
MED-0052,Acid folic comp.5mg N50,51.66,150.0,0.3444,MDL,OK,Лист3,114,115,
MED-0053,Acid folic comp.5mg N60,76.8,240.0,0.32,MDL,OK,Лист3,116,117,
MED-0054,Acid nicotinic sol. inj. 1% 1 ml N10,2275.42,1840.0,1.2366,MDL,OK,Лист3,118,119,
MED-0055,Actilyse liof.solv.sol.perf.50mg+50ml,180254.65,26.0,6932.8712,MDL,OK,Лист3,120,121,
MED-0056,Actrapid sol.inj. 100 UI/10ml N1,20346.01,99.0,205.5153,MDL,OK,Лист3,122,123,
MED-0057,Ademetionina pulb./solv.pt sol.inj. 500mg N5,29659.69,735.0,40.3533,MDL,OK,Лист3,124,125,
MED-0058,Ademta comp.400mg N20,1287.49,80.0,16.0936,MDL,OK,Лист3,126,127,
MED-0059,Adrenalin sol. inj. 1mg/ml N10,200.72,70.0,2.8674,MDL,OK,Лист3,128,129,
MED-0060,Albendazol - BP comp 400mg N10,573.4,100.0,5.734,MDL,OK,Лист3,130,131,
MED-0061,Alcool etilic 70% sol. alc. 70% 1000 ml N1 *,3982.4,116000.0,0.0343,MDL,OK,Лист3,132,133,
MED-0062,Alcool etilic 96% 100ml N1,288.15,29.0,9.9362,MDL,OK,Лист3,134,135,
MED-0063,Alcool etilic 96% sol. alc. 1000 ml N1,1878.14,37000.0,0.0508,MDL,OK,Лист3,136,137,
MED-0064,Alcool etilic70% 100ml N1,128.74,20.0,6.437,MDL,OK,Лист3,138,139,
MED-0065,Aleze 90x90 cm,22.57,10.0,2.257,MDL,OK,Лист3,140,141,
MED-0066,Aleze de unica folosinta 60x90 cm N30,1299.6,570.0,2.28,MDL,OK,Лист3,142,143,
MED-0067,Aleze de unica folosinta 90x90 cm N30,136.8,60.0,2.28,MDL,OK,Лист3,144,145,
MED-0068,Algin baby susp.orala 100mg/5ml N1,1136.11,41.0,27.71,MDL,OK,Лист3,146,147,
MED-0069,Algodex comp.25mg N20,424.2,500.0,0.8484,MDL,OK,Лист3,148,149,
MED-0070,Algodex sol. inj. 25mg 2 ml N10,8231.9,3130.0,2.63,MDL,OK,Лист3,150,151,
MED-0071,AlgoSpazmin sol.inj.500mg+2+0.2mg/ml 5ml N10,10234.64,2600.0,3.9364,MDL,OK,Лист3,152,153,
MED-0072,Allohol comp.N50,480.6,1250.0,0.3845,MDL,OK,Лист3,154,155,
MED-0073,Alprazolam 0.5 mg comp N30,839.05,1830.0,0.4585,MDL,OK,Лист3,156,157,
MED-0074,Alprazolam LPH 0.25mgcomp.N30,9.72,30.0,0.324,MDL,OK,Лист3,158,159,
MED-0075,Alventa caps.75mg N10x3,96.15,90.0,1.0683,MDL,OK,Лист3,160,161,
MED-0076,Ambrex 30mg/5ml 150ml N1,26.94,1.0,26.94,MDL,OK,Лист3,162,163,
MED-0077,Ambroxol comp. 30 mg N10x2,1756.93,6990.0,0.2513,MDL,OK,Лист3,164,165,
MED-0078,Aminazin comprimate  25 mg N20,53.56,80.0,0.6695,MDL,OK,Лист3,166,167,
MED-0079,"Aminazin sol. inj. 2,5% 2 ml N10",357.58,140.0,2.5541,MDL,OK,Лист3,168,169,
MED-0080,Aminoplasmal  10% sol. perf.500 ml N1,7020.93,45.0,156.0207,MDL,OK,Лист3,170,171,
MED-0081,Aminoplasmal Hepa 10% sol. perf.  500 ml N1,31091.12,134.0,232.0233,MDL,OK,Лист3,172,173,
MED-0082,Amiodarona 150 mg sol.inj.N10,2012.5,250.0,8.05,MDL,OK,Лист3,174,175,
MED-0083,Amiodarona comp.200mg N30,449.99,360.0,1.25,MDL,OK,Лист3,176,177,
MED-0084,Amitriptilin clorhidrat-OZ sol. inj. 10 mg/ml 2 ml N10,257.55,110.0,2.3414,MDL,OK,Лист3,178,179,
MED-0085,Amitriptilin comp. film. 25 mg N10x5,37.57,100.0,0.3757,MDL,OK,Лист3,180,181,
MED-0086,Amlodipin comp 5mg.N28,734.4,2868.0,0.2561,MDL,OK,Лист3,182,183,
MED-0087,Amlodipin comp. 10 mg N10x3,640.8,1530.0,0.4188,MDL,OK,Лист3,184,185,
MED-0088,"Amoniac sol.0,1g/ml 40 ml N1",7.13,1.0,7.13,MDL,OK,Лист3,186,187,
MED-0089,Amoxicilina pulb./sol.inj.1000mg N10,30758.86,8850.0,3.4756,MDL,OK,Лист3,188,189,
MED-0090,Amoxiplus Atb pulb.sol.inj.perf.1000mg/200mg N25,13824.1,675.0,20.4801,MDL,OK,Лист3,190,191,
MED-0091,Ampicilina caps.500mgN10 *,1124.55,690.0,1.6298,MDL,OK,Лист3,192,193,
MED-0092,Ampicilina pulb./sol. inj. 1 g N1,32293.87,5310.0,6.0817,MDL,OK,Лист3,194,195,
MED-0093,Ampicilina pulb./sol. inj. 1 g N10,8265.95,1770.0,4.67,MDL,OK,Лист3,196,197,
MED-0094,Analgin 50% 2ml sol.injN10,6216.86,5190.0,1.1979,MDL,OK,Лист3,198,199,
MED-0095,Antigripal Kids(250mg/30mg/2mg)plic N10,100.0,40.0,2.5,MDL,OK,Лист3,200,201,
MED-0096,Anzaleptol comp.25mg N50,48.09,100.0,0.4809,MDL,OK,Лист3,202,203,
MED-0097,Apa pentru injectii diluent 2 ml N10,278.3,210.0,1.3252,MDL,OK,Лист3,204,205,
MED-0098,Arduan liof.+solv./sol. inj. 4 mg (N5 + 2 ml N5)x5,6896.49,175.0,39.4085,MDL,OK,Лист3,206,207,
MED-0099,"Arixtra™ sol. inj. ser. preump. 2,5 mg/0,5 ml N5x2",6042.42,80.0,75.5302,MDL,OK,Лист3,208,209,
MED-0100,"Arixtra™ sol. inj. ser. preump. 7,5 mg/0,5 ml N5x2",19759.22,80.0,246.9903,MDL,OK,Лист3,210,211,
MED-0101,Asist Plus gran/sol.orala 600mg/3grN30,4394.99,2040.0,2.1544,MDL,OK,Лист3,212,213,
MED-0102,Asparkam40mg+45.2mg/10mlsol. inj.N10,2306.96,590.0,3.9101,MDL,OK,Лист3,214,215,
MED-0103,Atoris 20 mg N 30,90.72,60.0,1.512,MDL,OK,Лист3,216,217,
MED-0104,Atoris 20mg comp.N30,90.72,60.0,1.512,MDL,OK,Лист3,218,219,
MED-0105,Atropini sulfatis sol. inj. 0.1% 1ml,2087.59,1360.0,1.535,MDL,OK,Лист3,220,221,
MED-0106,Azaleptol compr.25mg N50,49.48,100.0,0.4948,MDL,OK,Лист3,222,223,
MED-0107,Azinfexin(azitromicina) comp.250mgN6,73.53,12.0,6.1275,MDL,OK,Лист3,224,225,
MED-0108,Azitromicina pulb/sol.perf.500mg N1*,903.64,13.0,69.5108,MDL,OK,Лист3,226,227,
MED-0109,Azitromycin pt suspensie orala 200mg/5ml 20mlN1,76.66,2.0,38.33,MDL,OK,Лист3,228,229,
MED-0110,Azitromycina 500mg caps.N3,11660.43,2049.0,5.6908,MDL,OK,Лист3,230,231,
MED-0111,B COMPLEX Plus sol.inj.2ml.N10 *,10405.21,3480.0,2.99,MDL,OK,Лист3,232,233,
MED-0112,Bactox susp.orala.125mg/5ml 60ml N1,3381.44,85.0,39.7816,MDL,OK,Лист3,234,235,
MED-0113,Bactox susp.orala.250mg/5ml 60ml N1,1024.02,22.0,46.5464,MDL,OK,Лист3,236,237,
MED-0114,Bactox susp.orala.250Mg/5ml 60ml N1,418.42,9.0,46.4911,MDL,OK,Лист3,238,239,
MED-0115,Bahile medicale N1000,675.0,5000.0,0.135,MDL,OK,Лист3,240,241,
MED-0116,Banda adeziva pt fixarea catetirilor i/v steril 7#8cm,600.0,400.0,1.5,MDL,OK,Лист3,242,243,
MED-0117,Bandaj elastic,19080.0,400.0,47.7,MDL,OK,Лист3,244,245,
MED-0118,Bandaj elastic 10cm-3-4m,6629.04,600.0,11.0484,MDL,OK,Лист3,246,247,
MED-0119,Bandaj elastic 15cm x 5m,1344.6,60.0,22.41,MDL,OK,Лист3,248,249,
MED-0120,Bandaj elastic 5 cm,4197.6,88.0,47.7,MDL,OK,Лист3,250,251,
MED-0121,Bandaj elastic 5-7m-15cm,1613.52,72.0,22.41,MDL,OK,Лист3,252,253,
MED-0122,"Bandaj gipsat 10cm#270cm,(5-6min)",491.18,100.0,4.9118,MDL,OK,Лист3,254,255,
MED-0123,Bandaj gipsat 10cm#270cm(2-3min),2406.14,620.0,3.8809,MDL,OK,Лист3,256,257,
MED-0124,Bandaj gipsat 15cm#270cm (2-3min),387.81,60.0,6.4635,MDL,OK,Лист3,258,259,
MED-0125,Bandaj gipsat 20cm#270cm(2-3min),15271.48,2040.0,7.486,MDL,OK,Лист3,260,261,
MED-0126,Bandaj gipsat 20cm#270cm(4-7min),473.13,60.0,7.8855,MDL,OK,Лист3,262,263,
MED-0127,Benzil benzoat ung.20%30g N1,1134.4,42.0,27.0095,MDL,OK,Лист3,264,265,
MED-0128,Benzil benzoat ung.20g N1,204.11,8.0,25.5138,MDL,OK,Лист3,266,267,
MED-0129,Betacalm comp.150mg N30,1030.08,840.0,1.2263,MDL,OK,Лист3,268,269,
MED-0130,Betadine sup.vag 200 mg N14,358.51,56.0,6.402,MDL,OK,Лист3,270,271,
MED-0131,Betametason susp. inj.2.63mg/ml +6.43 mg/ml 1ml N5,164.55,15.0,10.97,MDL,OK,Лист3,272,273,
MED-0132,Betisoare igienice N100,520.66,3000.0,0.1736,MDL,OK,Лист3,274,275,
MED-0133,Bicard comp.2.5mg N 30,1535.11,3090.0,0.4968,MDL,OK,Лист3,276,277,
MED-0134,Bisacodil comp. gastrorez. 5 mg N10x4,905.01,2000.0,0.4525,MDL,OK,Лист3,278,279,
MED-0135,Bisacodil supoz.N10,304.28,140.0,2.1734,MDL,OK,Лист3,280,281,
MED-0136,Biseptol susp. orala 200 mg + 40 mg/5 ml 80 ml N1,75.6,2.0,37.8,MDL,OK,Лист3,282,283,
MED-0137,Biseptrim comp.480mg N20,25.08,20.0,1.254,MDL,OK,Лист3,284,285,
MED-0138,Bisoprolol 10mg comp.N30,886.19,2940.0,0.3014,MDL,OK,Лист3,286,287,
MED-0139,Bisoprolol comp. 5 mgN30 *,960.57,4050.0,0.2372,MDL,OK,Лист3,288,289,
MED-0140,Bisoprolol comp.2.5mg N30,48.0,120.0,0.4,MDL,OK,Лист3,290,291,
MED-0141,"Bisoprolol-BP 2,5 comp.film.N10x3",216.03,540.0,0.4001,MDL,OK,Лист3,292,293,
MED-0142,Bixtonim Xylo pic.naz.sol.0.5mg/ml10ml N1,32.14,5.0,6.428,MDL,OK,Лист3,294,295,
MED-0143,Bofen 100mg/5ml susp.orala N1,116.23,6.0,19.3717,MDL,OK,Лист3,296,297,
MED-0144,Boofen susp.orala 100mg/5ml 100ml N1,210.24,11.0,19.1127,MDL,OK,Лист3,298,299,
MED-0145,Bromhexin 4 Berlin-Chemie sol. orala 4 mg/5 ml 60 ml N1,181.44,8.0,22.68,MDL,OK,Лист3,300,301,
MED-0146,Bromhexin comp.4mg N50 *,75.6,250.0,0.3024,MDL,OK,Лист3,302,303,
MED-0147,Bromhexin comp.8mg N50 *,903.96,4400.0,0.2054,MDL,OK,Лист3,304,305,
MED-0148,"Bromocriptin-Richter comp. 2,5 mg N30",222.24,60.0,3.704,MDL,OK,Лист3,306,307,
MED-0149,Bronchoclean pulb/sol. orala 200mg 3g N10,148.0,50.0,2.96,MDL,OK,Лист3,308,309,
MED-0150,Bronchoclean pulb/sol. orala 600mg 3g N10,2359.8,1140.0,2.07,MDL,OK,Лист3,310,311,
MED-0151,Bupivacaina 0.5%/4ml sol.inj.N5,596.0,40.0,14.9,MDL,OK,Лист3,312,313,
MED-0152,Cap/ sold,99360.0,28.0,3548.5714,MDL,OK,Лист3,314,315,
MED-0153,"Capron chirurgical impletit USP 2/0,fara ac,L-20cm",46440.0,500.0,92.88,MDL,OK,Лист3,316,317,
MED-0154,Captopril comp. 25 mg N10x4,11.23,80.0,0.1404,MDL,OK,Лист3,318,319,
MED-0155,Captopril comp.50mg N30,926.21,3330.0,0.2781,MDL,OK,Лист3,320,321,
MED-0156,Captopril LPH comp. 50 mg N10x3,324.74,1170.0,0.2776,MDL,OK,Лист3,322,323,
MED-0157,Carbamazepin comp. 200 mg N10x5,725.12,990.0,0.7324,MDL,OK,Лист3,324,325,
MED-0158,Carbamazepin comp. 400 mg N100,3016.07,1000.0,3.0161,MDL,OK,Лист3,326,327,
MED-0159,Carbune activ comp.250mg N10 *,498.65,2250.0,0.2216,MDL,OK,Лист3,328,329,
MED-0160,Cartan sol.orala 100mg/ml N10,717.29,70.0,10.247,MDL,OK,Лист3,330,331,
MED-0161,Cateter Foley N14 N1,2746.01,590.0,4.6543,MDL,OK,Лист3,332,333,
MED-0162,Cateter Foley N16 N1,4821.78,1005.0,4.7978,MDL,OK,Лист3,334,335,
MED-0163,Cateter Foley N18 N1,7542.98,467.0,16.152,MDL,OK,Лист3,336,337,
MED-0164,Cateter Foley N20 N1,8104.73,340.0,23.8374,MDL,OK,Лист3,338,339,
MED-0165,Cateter Foley N22 N1,44.96,10.0,4.496,MDL,OK,Лист3,340,341,
MED-0166,Cateter Foley N24 N1,71.31,15.0,4.754,MDL,OK,Лист3,342,343,
MED-0167,Cateter i/v periferic  22G,7417.2,1900.0,3.9038,MDL,OK,Лист3,344,345,
MED-0168,Cateter i/v periferic 20G,3100.92,900.0,3.4455,MDL,OK,Лист3,346,347,
MED-0169,Cateter i/v periferic 26G,7476.0,1400.0,5.34,MDL,OK,Лист3,348,349,
MED-0170,Cateter i/v periferic18G,61.56,20.0,3.078,MDL,OK,Лист3,350,351,
MED-0171,Cateter toracic 18 FR steril,2781.0,50.0,55.62,MDL,OK,Лист3,352,353,
MED-0172,"Cateter toracic Ultracath Novo 16Fg, drept, cu troacar  vîrf ascuțtit",164.16,4.0,41.04,MDL,OK,Лист3,354,355,
MED-0173,"Cateter toracic Ultracath Novo 18Fg, drept, cu troacar  vîrf ascuțtit",181.44,4.0,45.36,MDL,OK,Лист3,356,357,
MED-0174,"Cateter toracic Ultracath Novo 24Fg, drept, cu troacar  vîrf ascuțtit",194.4,4.0,48.6,MDL,OK,Лист3,358,359,
MED-0175,Cateter umbelical N4FR,726.3,50.0,14.526,MDL,OK,Лист3,360,361,
MED-0176,Cateter urinar Nelaton CH 12,72.9,45.0,1.62,MDL,OK,Лист3,362,363,
MED-0177,Cateter urinar Nelaton CH 14,339.49,271.0,1.2527,MDL,OK,Лист3,364,365,
MED-0178,Cateter urinar Nelaton CH 20,137.8,110.0,1.2527,MDL,OK,Лист3,366,367,
MED-0179,Cateter urinar Nelaton CH 22,77.76,45.0,1.728,MDL,OK,Лист3,368,369,
MED-0180,Cateter urologic Nr16 nelaton,63.72,50.0,1.2744,MDL,OK,Лист3,370,371,
MED-0181,Cateter Vasofix G-16 i/v,905.04,100.0,9.0504,MDL,OK,Лист3,372,373,
MED-0182,Catetere de aspiratie a cailor endotraheale superior. Fr10,2711.0,1400.0,1.9364,MDL,OK,Лист3,374,375,
MED-0183,Catetere de aspiratie a cailor endotraheale superior. Fr12,1261.98,570.0,2.214,MDL,OK,Лист3,376,377,
MED-0184,Catetere de aspiratie pt igiena cav.bucale N10,708.91,340.0,2.085,MDL,OK,Лист3,378,379,
MED-0185,Catetere de aspiratie pt igiena cav.bucale N12,232.52,110.0,2.1138,MDL,OK,Лист3,380,381,
MED-0186,Catetere de aspiratie pt igiena cav.bucale N18,363.89,180.0,2.0216,MDL,OK,Лист3,382,383,
MED-0187,Catetere de aspiratie pt igiena cav.bucale N20,33.48,20.0,1.674,MDL,OK,Лист3,384,385,
MED-0188,Catetere i/v perif.cu port si aripi de fixatie G26 N1,5670.0,1000.0,5.67,MDL,OK,Лист3,386,387,
MED-0189,Catetere i/v periferice 22 G N1#,2520.0,600.0,4.2,MDL,OK,Лист3,388,389,
MED-0190,Catetere p/u aspiratie cu supapa CH14 N1,83.24,60.0,1.3873,MDL,OK,Лист3,390,391,
MED-0191,Catetere p/u aspiratie cu supapa cu clapeta CH18 N1,91.6,60.0,1.5267,MDL,OK,Лист3,392,393,
MED-0192,Cavinton Forte comp. 10 mg N15x2,1013.9,420.0,2.414,MDL,OK,Лист3,394,395,
MED-0193,Cefalexin caps 250mgN20,547.16,480.0,1.1399,MDL,OK,Лист3,396,397,
MED-0194,Cefalexin caps 500mgN10,141.82,60.0,2.3637,MDL,OK,Лист3,398,399,
MED-0195,"Cefazolinum pulb./sol. inj. 1 g (i/v, i/m) N10",14328.44,3150.0,4.5487,MDL,OK,Лист3,400,401,
MED-0196,Cefepemium 1000 mg N10,1576.8,100.0,15.768,MDL,OK,Лист3,402,403,
MED-0197,Cefepim clorhidrat pulb/sol.inj.1gr N 10,1385.02,70.0,19.786,MDL,OK,Лист3,404,405,
MED-0198,Cefoperazone 1g  sol.inj N10,1928.18,210.0,9.1818,MDL,OK,Лист3,406,407,
MED-0199,Cefoperazone Sulbactam 1g pulb. sol.inj N10,884.28,40.0,22.107,MDL,OK,Лист3,408,409,
MED-0200,Cefotaxim pulb./sol. inj. 1 g N10,25481.49,4660.0,5.4681,MDL,OK,Лист3,410,411,
MED-0201,Ceftazidim pulb./sol. inj.1.0g N10,26284.86,2830.0,9.2879,MDL,OK,Лист3,412,413,
MED-0202,Ceftriaxon pulb./sol. inj.1.0g N10 *,23593.11,6710.0,3.5161,MDL,OK,Лист3,414,415,
MED-0203,Cefuroxime pulb./sol. inj. 1.5mg N10,83756.66,10830.0,7.7338,MDL,OK,Лист3,416,417,
MED-0204,Cerebrolysin sol. inj. 10 ml N5 *,90621.21,835.0,108.5284,MDL,OK,Лист3,418,419,
MED-0205,Cerebrolysin sol. inj. 5 ml N5 *,10978.51,150.0,73.1901,MDL,OK,Лист3,420,421,
MED-0206,Cervicostat tip PHILADELPHIA,180.0,1.0,180.0,MDL,OK,Лист3,422,423,
MED-0207,Chlorhexidina 0.05% 100ml sol.cutanat N 1,1354.64,74.0,18.3059,MDL,OK,Лист3,424,425,
MED-0208,"Cianocobalamin sol. inj. 0,05% 1 ml N10",202.48,230.0,0.8803,MDL,OK,Лист3,426,427,
MED-0209,Ciment ortopedic cu antibiotic cu colorant,15735.6,20.0,786.78,MDL,OK,Лист3,428,429,
MED-0210,Cinnarizin comp. 25 mg N10x5 *,1280.56,6750.0,0.1897,MDL,OK,Лист3,430,431,
MED-0211,Ciprinol conc./sol. perf. 100 mg/10 ml N5,1964.95,155.0,12.6771,MDL,OK,Лист3,432,433,
MED-0212,Ciprofloxacini comp. 500 mg N10,1593.54,880.0,1.8108,MDL,OK,Лист3,434,435,
MED-0213,Ciston comp.N100,697.75,600.0,1.1629,MDL,OK,Лист3,436,437,
MED-0214,Citocon 250 mg sol.inj 4ml N5 *,32518.05,2290.0,14.2,MDL,OK,Лист3,438,439,
MED-0215,Clarcid comp.500mg N14,745.6,154.0,4.8416,MDL,OK,Лист3,440,441,
MED-0216,Clemastin-BP comp.1mg N20 *,5101.74,2280.0,2.2376,MDL,OK,Лист3,442,443,
MED-0217,Clemastina sol.inj. 0.1% 2ml  N10 *,37718.46,3470.0,10.8699,MDL,OK,Лист3,444,445,
MED-0218,Clonazepam comp. 0.5 mg N30,242.68,300.0,0.8089,MDL,OK,Лист3,446,447,
MED-0219,Clonazepam comp. 2 mg N30,1395.24,1350.0,1.0335,MDL,OK,Лист3,448,449,
MED-0220,Clorhidrat de tiamina sol. inj. 5% 1 ml N10,2245.96,1780.0,1.2618,MDL,OK,Лист3,450,451,
MED-0221,Clorura de calciu 10% 5ml  N5,1447.36,1235.0,1.172,MDL,OK,Лист3,452,453,
MED-0222,Clorura de calciu sol. inj. 500mg/5ml  N5,1141.29,975.0,1.1706,MDL,OK,Лист3,454,455,
MED-0223,Clorura de potasiu 400mg/10ml N5,13655.33,3955.0,3.4527,MDL,OK,Лист3,456,457,
MED-0224,Clorura de sodiu 400ml N1,23059.08,3300.0,6.9876,MDL,OK,Лист3,458,459,
MED-0225,Clorura de sodiu 400ml N1(plastic),12840.52,1881.0,6.8264,MDL,OK,Лист3,460,461,
MED-0226,"Clorura de sodiu sol. ext. 0,9% 500 ml N1*",11491.43,1513.0,7.5951,MDL,OK,Лист3,462,463,
MED-0227,"Clorura de sodiu sol. perf. 0,9% 100 ml N1",1923.5,640.0,3.0055,MDL,OK,Лист3,464,465,
MED-0228,"Clorura de sodiu sol. perf. 0,9% 200 ml N1",32516.08,7211.0,4.5092,MDL,OK,Лист3,466,467,
MED-0229,"Clorura de sodiu sol.inj 0,9 10ml N5",1348.03,1350.0,0.9985,MDL,OK,Лист3,468,469,
MED-0230,"Clorura de sodiu sol.inj 0,9 5ml N5",875.88,1100.0,0.7963,MDL,OK,Лист3,470,471,
MED-0231,Clozapin comp.25mg N60,103.2,240.0,0.43,MDL,OK,Лист3,472,473,
MED-0232,Cocarboxylaza liofilizat sol.inj.50mg/2 ml N10,994.59,95.0,10.4694,MDL,OK,Лист3,474,475,
MED-0233,Cocarnit liof+solv./sol.inj 2ml N3,4785.07,99.0,48.334,MDL,OK,Лист3,476,477,
MED-0234,Coldrex Lemon pulb/susp.orala N10,1069.2,200.0,5.346,MDL,OK,Лист3,478,479,
MED-0235,Combipryl-KV comprimate 10 mg.+5mg N30,243.16,120.0,2.0263,MDL,OK,Лист3,480,481,
MED-0236,Componenta femurala primara cimentata /genunchi,945000.0,90.0,10500.0,MDL,OK,Лист3,482,483,
MED-0237,Componenta tibiala primara cimentata /genunchi,937800.0,90.0,10420.0,MDL,OK,Лист3,484,485,
MED-0238,Componente patelara /genunchi,4650.0,3.0,1550.0,MDL,OK,Лист3,486,487,
MED-0239,Container p/u evacuarea organului 200 ml,467.1,50.0,9.342,MDL,OK,Лист3,488,489,
MED-0240,Containere pt mase fecale,806.4,600.0,1.344,MDL,OK,Лист3,490,491,
MED-0241,Containere pt urina(nesterile),74.45,30.0,2.4817,MDL,OK,Лист3,492,493,
MED-0242,"COOLBOX EMBALLI'ISO 96H S10,N 1",1400.25,1.0,1400.25,MDL,OK,Лист3,494,495,
MED-0243,Cordarone comp.200mg N30,2217.73,1410.0,1.5729,MDL,OK,Лист3,496,497,
MED-0244,Cortexin liof/sol.inj 10mg N10,4048.92,90.0,44.988,MDL,OK,Лист3,498,499,
MED-0245,Cupa/ sold,210160.0,26.0,8083.0769,MDL,OK,Лист3,500,501,
MED-0246,Cuva reniforma masa plastica 25cm,107.89,10.0,10.789,MDL,OK,Лист3,502,503,
MED-0247,Depakine comp. 300 mg N100,1269.37,1000.0,1.2694,MDL,OK,Лист3,504,505,
MED-0248,Deproteinized 40mg/ml 5ml N5,2999.16,100.0,29.9916,MDL,OK,Лист3,506,507,
MED-0249,Dexalgin sachet 25 mg gran/oral sol. N 10,675.96,120.0,5.633,MDL,OK,Лист3,508,509,
MED-0250,Dexametazon-BP sol.inj.4 mg/ml 2ml N10,20822.26,13030.0,1.598,MDL,OK,Лист3,510,511,
MED-0251,Dialin-M susp.orala 200mg/5ml60ml N1,583.54,42.0,13.8938,MDL,OK,Лист3,512,513,
MED-0252,Dialipon sol.perf/3% 20ml N5,3824.84,205.0,18.6578,MDL,OK,Лист3,514,515,
MED-0253,"Diazepam Desitin sol. rect. 10 mg/2,5 ml N5",1822.93,75.0,24.3057,MDL,OK,Лист3,516,517,
MED-0254,"Diazepam Desitin sol. rect. 5 mg/2,5 ml N5",1927.31,90.0,21.4146,MDL,OK,Лист3,518,519,
MED-0255,Diazepeks® comp. 5 mg N10x2,421.35,1560.0,0.2701,MDL,OK,Лист3,520,521,
MED-0256,Diclofenac comp. 50mg N20,476.28,700.0,0.6804,MDL,OK,Лист3,522,523,
MED-0257,Diclofenac sol.inj. 75 mg/3ml N10,4580.06,4710.0,0.9724,MDL,OK,Лист3,524,525,
MED-0258,Dicynon sol.inj.250mg/2ml N50 *,3090.56,800.0,3.8632,MDL,OK,Лист3,526,527,
MED-0259,"Digoxin comp. 0,25 mg N20x2",615.97,3360.0,0.1833,MDL,OK,Лист3,528,529,
MED-0260,"Digoxin sol. inj. 0,25 mg/ml 1 ml N10",1712.15,757.0,2.2618,MDL,OK,Лист3,530,531,
MED-0261,Dimedrol sol. inj. 1% 1 ml N10,2708.64,1830.0,1.4801,MDL,OK,Лист3,532,533,
MED-0262,Dimedrol sol.inj 10mg/1ml N10,6228.76,6860.0,0.908,MDL,OK,Лист3,534,535,
MED-0263,Dipiridamol comp. 25 mg N20x2,436.31,1240.0,0.3519,MDL,OK,Лист3,536,537,
MED-0264,Diprofol emulsie inj/perf.10mg/ml 20ml N5,3525.12,300.0,11.7504,MDL,OK,Лист3,538,539,
MED-0265,Diprofol emulsie inj/perf.10mg/ml 50ml N1,4628.62,112.0,41.327,MDL,OK,Лист3,540,541,
MED-0266,Ditilin sol. inj. 2% 5 ml N10 *,998.7,200.0,4.9935,MDL,OK,Лист3,542,543,
MED-0267,Dopamin-Darnita conc./sol. perf. 4% 5 ml N10,979.42,60.0,16.3237,MDL,OK,Лист3,544,545,
MED-0268,Drotaverina sol.inj 20mg/2ml N50,11966.58,5920.0,2.0214,MDL,OK,Лист3,546,547,
MED-0269,Duovit draj.N40,275.96,160.0,1.7247,MDL,OK,Лист3,548,549,
MED-0270,Duphalac® sirop 667 mg/ml 200 ml N1,4868.69,94.0,51.7946,MDL,OK,Лист3,550,551,
MED-0271,Egiloc comp. 25 mg N60 *,1179.43,3240.0,0.364,MDL,OK,Лист3,552,553,
MED-0272,Egiloc comp. 50 mg N60 *,192.24,360.0,0.534,MDL,OK,Лист3,554,555,
MED-0273,Emplastru4.5x450cm N6,24.2,4.0,6.05,MDL,OK,Лист3,556,557,
MED-0274,Enalapril comp.10mg N30 *,2466.71,6150.0,0.4011,MDL,OK,Лист3,558,559,
MED-0275,Enalapril comp.20mg N30 *,46.65,,,MDL,LIPSESC DATE,Лист3,560,561,
MED-0276,Enalaprilat sol.inj 1.25mg/ml N10,3145.8,540.0,5.8256,MDL,OK,Лист3,562,563,
MED-0277,Enap-H comp.N20,177.87,160.0,1.1117,MDL,OK,Лист3,564,565,
MED-0278,Enterofuryl caps. 100 mg N10x3,1354.93,1590.0,0.8522,MDL,OK,Лист3,566,567,
MED-0279,Enterofuryl susp. orala 200 mg/5 ml 90 ml N1,1371.63,55.0,24.9387,MDL,OK,Лист3,568,569,
MED-0280,Enterofuryl® caps. 200 mg N16,1555.06,992.0,1.5676,MDL,OK,Лист3,570,571,
MED-0281,Enterol 250 pulb/orala 250mg N10,310.42,30.0,10.3473,MDL,OK,Лист3,572,573,
MED-0282,Epitoin 50mg/ml 5ml N5,2151.47,50.0,43.0294,MDL,OK,Лист3,574,575,
MED-0283,Esketamine sol.inj.25mg/ml 2 ml N10,1240.27,10.0,124.027,MDL,OK,Лист3,576,577,
MED-0284,Espumisan L emuls. orala 30 ml N1,680.4,10.0,68.04,MDL,OK,Лист3,578,579,
MED-0285,Espumizan caps.40mg N50,572.94,450.0,1.2732,MDL,OK,Лист3,580,581,
MED-0286,"Etamzilat sol. inj. 12,5% 2 ml N10",2727.98,1000.0,2.728,MDL,OK,Лист3,582,583,
MED-0287,"Eufilin sol. inj. 2,4% 5 ml N10",3943.1,2774.0,1.4214,MDL,OK,Лист3,584,585,
MED-0288,Eurolax 200 ml N1,8115.56,149.0,54.4668,MDL,OK,Лист3,586,587,
MED-0289,Famotidin pulb.20mg+5ml N10,4730.0,220.0,21.5,MDL,OK,Лист3,588,589,
MED-0290,Famotidina  20mg comp.N20,357.2,940.0,0.38,MDL,OK,Лист3,590,591,
MED-0291,Famotidina  40mg comp.N20,172.8,320.0,0.54,MDL,OK,Лист3,592,593,
MED-0292,Famotidina  40mg comp.N30,214.81,390.0,0.5508,MDL,OK,Лист3,594,595,
MED-0293,Famotidina comp. film. 40 mg N10x2,331.18,720.0,0.46,MDL,OK,Лист3,596,597,
MED-0294,"Farmazolin® pic. naz., sol. 0,1% 10 ml N1",65.98,10.0,6.598,MDL,OK,Лист3,598,599,
MED-0295,Fasa de tifon  5 X 10cm N1 ster.,3601.99,1095.0,3.2895,MDL,OK,Лист3,600,601,
MED-0296,Fasa de tifon  7 X 14cm N1 ster.,2086.39,380.0,5.4905,MDL,OK,Лист3,602,603,
MED-0297,Fasa de tifon n/s 5 X 10cm N1,2322.47,641.0,3.6232,MDL,OK,Лист3,604,605,
MED-0298,Fasa de tifon n/s 5 X 10cm N1 *,8634.46,3344.0,2.5821,MDL,OK,Лист3,606,607,
MED-0299,Fasa de tifon n/s 7 X 14cm N1 *,20635.14,4287.0,4.8134,MDL,OK,Лист3,608,609,
MED-0300,Fenobarbital 100mg comp N25,261.43,650.0,0.4022,MDL,OK,Лист3,610,611,
MED-0301,Fenobarbital 100mg comp N50,72.14,200.0,0.3607,MDL,OK,Лист3,612,613,
MED-0302,Fentanil sol.inj.0.05mg/ml2ml N100,611.28,200.0,3.0564,MDL,OK,Лист3,614,615,
MED-0303,Ferrum Lek sol. inj. 100 mg/2 ml N5,203.44,10.0,20.344,MDL,OK,Лист3,616,617,
MED-0304,Ferrum Lek sol. inj. 100 mg/2 ml N5 *,101.72,5.0,20.344,MDL,OK,Лист3,618,619,
MED-0305,Fitomenadion 10 mg/ 1 ml sol. inj. N5 *,73063.58,5030.0,14.5256,MDL,OK,Лист3,620,621,
MED-0306,Fitomenadion 10 mg/ml sol. inj. 10 mg/ml 1 ml N5,2051.46,140.0,14.6533,MDL,OK,Лист3,622,623,
MED-0307,Fixatoare p/u mini(Hand fix)ADULTI,49.94,6.0,8.3233,MDL,OK,Лист3,624,625,
MED-0308,Fixatoare p/u mini(Hand fix)pediatrice,630.0,35.0,18.0,MDL,OK,Лист3,626,627,
MED-0309,Flixotide aeros.125mcg/60doze N1,2123.86,15.0,141.5907,MDL,OK,Лист3,628,629,
MED-0310,Flosteron sol.inj 7mg/1ml N5,427.68,30.0,14.256,MDL,OK,Лист3,630,631,
MED-0311,"Floxadex pic. oft./auric., susp. 3,5 mg + 1 mg/ml 10 ml N1",51.84,1.0,51.84,MDL,OK,Лист3,632,633,
MED-0312,Fluconazol caps. 150 mg N10,5760.72,2700.0,2.1336,MDL,OK,Лист3,634,635,
MED-0313,Fluconazol caps. 50 mg N20,755.94,660.0,1.1454,MDL,OK,Лист3,636,637,
MED-0314,Fluconazol comp.100mg N10,169.02,80.0,2.1128,MDL,OK,Лист3,638,639,
MED-0315,Fluconazol sol.perf 2mg/ml100mlN1 *,522.52,27.0,19.3526,MDL,OK,Лист3,640,641,
MED-0316,Flumarin-Xylo 0.5mg/ml spray nazal N1,115.42,4.0,28.855,MDL,OK,Лист3,642,643,
MED-0317,"Flumarin-Xylo 1,0 mg/ml spray nazal N1",420.77,20.0,21.0385,MDL,OK,Лист3,644,645,
MED-0318,"Fokusin caps. elib. modif. 0,4 mg N10x3",259.2,120.0,2.16,MDL,OK,Лист3,646,647,
MED-0319,"Fraxiparine sol. inj. ser. preump. 5700 UI Axa/0,6 ml N10",370406.29,5398.0,68.6192,MDL,OK,Лист3,648,649,
MED-0320,Fromilid susp.125mg/5ml 60ml N1,176.41,2.0,88.205,MDL,OK,Лист3,650,651,
MED-0321,Funit 100 mg caps.N 4,139.48,40.0,3.487,MDL,OK,Лист3,652,653,
MED-0322,Furagin comp. 50 mg N10x3 *,1501.16,2220.0,0.6762,MDL,OK,Лист3,654,655,
MED-0323,Furosemid comp. 40 mg N10x5,49.07,350.0,0.1402,MDL,OK,Лист3,656,657,
MED-0324,Furosemid fiole 0.1%2ml N10,-8.02,-10.0,0.802,MDL,OK,Лист3,658,659,
MED-0325,Gabagamma 300mg caps.N100,541.86,200.0,2.7093,MDL,OK,Лист3,660,661,
MED-0326,Gabagamma 400mg caps.N100,1153.92,300.0,3.8464,MDL,OK,Лист3,662,663,
MED-0327,Garou hemostatic cu fixator,54.72,8.0,6.84,MDL,OK,Лист3,664,665,
MED-0328,Garou latex,3501.6,245.0,14.2922,MDL,OK,Лист3,666,667,
MED-0329,Gel USG,1244.47,150.0,8.2965,MDL,OK,Лист3,668,669,
MED-0330,Gentamicin 40 mg/2 ml N10,4095.09,9450.0,0.4333,MDL,OK,Лист3,670,671,
MED-0331,Gentamicin sol. inj. 80 mg/2 ml N10,17235.07,2400.0,7.1813,MDL,OK,Лист3,672,673,
MED-0332,Glicerina supoz.(adulti) N12 *,64.8,48.0,1.35,MDL,OK,Лист3,674,675,
MED-0333,Gluconat de calciu 10%10ml N10,745.2,260.0,2.8662,MDL,OK,Лист3,676,677,
MED-0334,Gluconat de calciu sol. inj. 10% 10 ml N5x2,745.2,230.0,3.24,MDL,OK,Лист3,678,679,
MED-0335,Gluconat de calciu sol. inj. 10% 5 ml N5x2,21.85,10.0,2.185,MDL,OK,Лист3,680,681,
MED-0336,Glucoza  sol. perf. 10% 200 ml N1,1018.87,178.0,5.724,MDL,OK,Лист3,682,683,
MED-0337,Glucoza  sol. perf. 10% 250 ml N1,4397.79,792.0,5.5528,MDL,OK,Лист3,684,685,
MED-0338,Glucoza  sol. perf. 10% 500 ml N1,313.65,68.0,4.6125,MDL,OK,Лист3,686,687,
MED-0339,Glucoza  sol. perf. 10% 500 ml N1 *,5582.87,712.0,7.8411,MDL,OK,Лист3,688,689,
MED-0340,Glucoza  sol. perf. 5% 200 ml N1,304.16,66.0,4.6085,MDL,OK,Лист3,690,691,
MED-0341,Glucoza  sol. perf. 5% 500 ml N1,217.6,32.0,6.8,MDL,OK,Лист3,692,693,
MED-0342,Glucoza sol. inj. 40% 10 ml N10,2288.94,740.0,3.0932,MDL,OK,Лист3,694,695,
MED-0343,Grandaxin comp. 50 mg N10x2,2152.35,1220.0,1.7642,MDL,OK,Лист3,696,697,
MED-0344,Halat chirurgical steril ranforsant L,3717.07,157.0,23.6756,MDL,OK,Лист3,698,699,
MED-0345,Halat chirurgical steril ranforsant XXL,3436.77,135.0,25.4576,MDL,OK,Лист3,700,701,
MED-0346,Halat chirurgical steril ranforsat XL,14663.58,600.0,24.4393,MDL,OK,Лист3,702,703,
MED-0347,Haloperidol comp.5mg N50,24.59,50.0,0.4918,MDL,OK,Лист3,704,705,
MED-0348,Halopril forte 5mg comp. N50,122.95,250.0,0.4918,MDL,OK,Лист3,706,707,
MED-0349,Halopril sol.inj 5mg/ml 1ml N10,70.63,20.0,3.5315,MDL,OK,Лист3,708,709,
MED-0350,Hartman sol.perf.500ml N1,220.11,20.0,11.0055,MDL,OK,Лист3,710,711,
MED-0351,Helides caps20mgN28,392.19,336.0,1.1672,MDL,OK,Лист3,712,713,
MED-0352,Heparin sol. inj. 5000 U/ml 5 ml N5,6648.45,205.0,32.4315,MDL,OK,Лист3,714,715,
MED-0353,Heparina sodica 5 IU /ML N10,25865.21,898.0,28.8031,MDL,OK,Лист3,716,717,
MED-0354,Hepasole NEO sol 8%500 ml N1,7548.73,74.0,102.0099,MDL,OK,Лист3,718,719,
MED-0355,Hepaurs caps.150mg N60,1258.74,300.0,4.1958,MDL,OK,Лист3,720,721,
MED-0356,Hepaurs caps.300mgN60,16404.6,4320.0,3.7974,MDL,OK,Лист3,722,723,
MED-0357,Herpebloc crema 5% 15g N1,125.76,5.0,25.152,MDL,OK,Лист3,724,725,
MED-0358,Hidrocarbonat de sodiu sol. perf. 4% 200 ml N1,666.92,25.0,26.6768,MDL,OK,Лист3,726,727,
MED-0359,Hidrocortizon pulb/sol.inj 100mg N1,128.35,6.0,21.3917,MDL,OK,Лист3,728,729,
MED-0360,Hidroreg BP pulb. sol.orala 18.9gr N10,4774.42,510.0,9.3616,MDL,OK,Лист3,730,731,
MED-0361,Hirtie milimetrica 50-56mm#15m,1011.96,90.0,11.244,MDL,OK,Лист3,732,733,
MED-0362,Hirtie milimetrica p/u ECG termosensibila 210mm x 140mm x 150 P,877.18,18.0,48.7322,MDL,OK,Лист3,734,735,
MED-0363,"Hirtie pt ECG,110mm#140mm#200p.tip pilata",1013.04,30.0,33.768,MDL,OK,Лист3,736,737,
MED-0364,"Hirtie pt ECG,210mm#140mm#150p.tip plilata",10331.18,212.0,48.732,MDL,OK,Лист3,738,739,
MED-0365,"Hirtie pt ECG,215mm#280mm#100p.tip pilata",4483.44,60.0,74.724,MDL,OK,Лист3,740,741,
MED-0366,"Hirtie pt ECG,63#30.tip rola",16296.72,880.0,18.519,MDL,OK,Лист3,742,743,
MED-0367,"Hirtie pt ECG,80#30 tip rola",396.72,20.0,19.836,MDL,OK,Лист3,744,745,
MED-0368,Hirtie termica ECG 12 canale rulou 210*30*19,1660.0,20.0,83.0,MDL,OK,Лист3,746,747,
MED-0369,Humulin Regular 100UI/ml-10mlN1,383.2,3.0,127.7333,MDL,OK,Лист3,748,749,
MED-0370,Hydrocortison 10 mg/g 20g ung.,928.31,48.0,19.3398,MDL,OK,Лист3,750,751,
MED-0371,Ibuprofen 400mg N20,33.0,30.0,1.1,MDL,OK,Лист3,752,753,
MED-0372,Ibuprofen comp. film. 200 mg N50 *,27.54,150.0,0.1836,MDL,OK,Лист3,754,755,
MED-0373,Ificipro(ciprofloxacina) sol. perf. 200 mg/100 ml N1,91.75,20.0,4.5875,MDL,OK,Лист3,756,757,
MED-0374,Indapamid comp.2.5 mgN30,581.34,1410.0,0.4123,MDL,OK,Лист3,758,759,
MED-0375,Indapen 2.5mg comp.N30,2643.84,3060.0,0.864,MDL,OK,Лист3,760,761,
MED-0376,Infulgan sol.perf 10mg/100ml N1,941.94,75.0,12.5592,MDL,OK,Лист3,762,763,
MED-0377,Infulgan sol.perf 10mg/20ml N1,341.82,15.0,22.788,MDL,OK,Лист3,764,765,
MED-0378,Ingamist sol.inj100mg/3mlN10,1036.17,150.0,6.9078,MDL,OK,Лист3,766,767,
MED-0379,Inoseda 250mg/5ml 120ml sirop N1,1037.88,15.0,69.192,MDL,OK,Лист3,768,769,
MED-0380,Inoseda 500mg comp.N50,837.67,450.0,1.8615,MDL,OK,Лист3,770,771,
MED-0381,Insert tibial primar mobil /genunchi,378000.0,90.0,4200.0,MDL,OK,Лист3,772,773,
MED-0382,Insert/ sold,92520.0,26.0,3558.4615,MDL,OK,Лист3,774,775,
MED-0383,INTRAOSSEOUS NEEDLE+STABILIZER KIT EZ-IO 15MM 15GA,15365.41,5.0,3073.082,MDL,OK,Лист3,776,777,
MED-0384,INTRAOSSEOUS NEEDLE+STABILIZER KIT EZ-IO 45MM 15GA,15365.41,5.0,3073.082,MDL,OK,Лист3,778,779,
MED-0385,Intuban(atracurium)sol.inj10mg/5ml N5,834.18,50.0,16.6836,MDL,OK,Лист3,780,781,
MED-0386,Isoket fiole 0.1% 10ml N10,5886.06,148.0,39.7707,MDL,OK,Лист3,782,783,
MED-0387,Kagocel comp.12mg N10,618.94,70.0,8.842,MDL,OK,Лист3,784,785,
MED-0388,Ketamin sol.inj 50mg/ml 10ml N5,20422.58,910.0,22.4424,MDL,OK,Лист3,786,787,
MED-0389,Ketonal Forte comp.100mg N20,104.27,100.0,1.0427,MDL,OK,Лист3,788,789,
MED-0390,Ketonal sup. 100 mg N12,76.63,24.0,3.1929,MDL,OK,Лист3,790,791,
MED-0391,Ketoprofen sol.inj.50mg/2ml N50,30871.54,6305.0,4.8964,MDL,OK,Лист3,792,793,
MED-0392,Klamoks 625 mg comp. film. N15,177.92,60.0,2.9653,MDL,OK,Лист3,794,795,
MED-0393,Klamoks BID Fort(400mg+57mg/5ml)pul.susp.orala.70ml N1,147.86,4.0,36.965,MDL,OK,Лист3,796,797,
MED-0394,Klamoks® BID 1000 mg comp. film. 875 mg + 125 mg N10 *,192.9,50.0,3.858,MDL,OK,Лист3,798,799,
MED-0395,Klopidigrel caps.75mg N20 *,471.98,420.0,1.1238,MDL,OK,Лист3,800,801,
MED-0396,L-Cet comp.5mg N30,72.92,60.0,1.2153,MDL,OK,Лист3,802,803,
MED-0397,Labetalol sol.inj.5mg/ml 10ml N1,1422.57,40.0,35.5643,MDL,OK,Лист3,804,805,
MED-0398,Lacidofil-WM caps. N20,1729.75,360.0,4.8049,MDL,OK,Лист3,806,807,
MED-0399,Lacto-G caps.N10,461.73,50.0,9.2346,MDL,OK,Лист3,808,809,
MED-0400,Laferobion sup.150000UI N5x2,51.96,10.0,5.196,MDL,OK,Лист3,810,811,
MED-0401,Lame pt bisturiu 11N100,385.35,700.0,0.5505,MDL,OK,Лист3,812,813,
MED-0402,Lame pt bisturiu 20 N100,220.2,400.0,0.5505,MDL,OK,Лист3,814,815,
MED-0403,Lame pt bisturiu 21 N100,660.6,1200.0,0.5505,MDL,OK,Лист3,816,817,
MED-0404,Lame pt bisturiu 22 N100,330.3,600.0,0.5505,MDL,OK,Лист3,818,819,
MED-0405,Lame pt bisturiu 23 N100,55.05,100.0,0.5505,MDL,OK,Лист3,820,821,
MED-0406,Lame pt bisturiu 24 N100,550.5,1000.0,0.5505,MDL,OK,Лист3,822,823,
MED-0407,Lame sticla stefuite 26*76 ± 1 mm. grosimea 1 ± 0.2 mm N100,324.0,2500.0,0.1296,MDL,OK,Лист3,824,825,
MED-0408,Lansoprol 30 mg caps. gastrorez. cu micropelete 30 mg N28,291.83,308.0,0.9475,MDL,OK,Лист3,826,827,
MED-0409,Lantorol caps.30mg N14,338.54,364.0,0.9301,MDL,OK,Лист3,828,829,
MED-0410,Larfix comp. film. 8 mg N100,661.07,200.0,3.3054,MDL,OK,Лист3,830,831,
MED-0411,Larnamin concentrat p/u sol.perf.500mg/ml N10,993.46,20.0,49.673,MDL,OK,Лист3,832,833,
MED-0412,Larnamin granule pt sol.orala3g/5g N30,2742.18,150.0,18.2812,MDL,OK,Лист3,834,835,
MED-0413,Lercanid comp.10mg N30,928.8,720.0,1.29,MDL,OK,Лист3,836,837,
MED-0414,Lesfal sol.inj 50mg/5ml N5,712.24,20.0,35.612,MDL,OK,Лист3,838,839,
MED-0415,Levomecol 0.75g+4g/100g.40g N1,1340.5,107.0,12.528,MDL,OK,Лист3,840,841,
MED-0416,Levox 500mg comp N10,277.56,100.0,2.7756,MDL,OK,Лист3,842,843,
MED-0417,Lidocain sol. inj. 10% 2 ml N10,161.42,120.0,1.3452,MDL,OK,Лист3,844,845,
MED-0418,Lidocain sol. inj. 2% 2 ml N10,403.28,590.0,0.6835,MDL,OK,Лист3,846,847,
MED-0419,Lidocain spray 10% 50ml N1,3963.13,68.0,58.2813,MDL,OK,Лист3,848,849,
MED-0420,Linex caps.N16,57906.82,12168.0,4.7589,MDL,OK,Лист3,850,851,
MED-0421,Linex Kids pulb/susp.orala 1.5g N20,138.24,20.0,6.912,MDL,OK,Лист3,852,853,
MED-0422,Lingurita Folkman,8.52,10.0,0.852,MDL,OK,Лист3,854,855,
MED-0423,Liposom Forte sol.inj.28mg/2ml N5,4168.3,90.0,46.3144,MDL,OK,Лист3,856,857,
MED-0424,Lisinopril comp 20mg N28,180.32,392.0,0.46,MDL,OK,Лист3,858,859,
MED-0425,Lisinopril comp.10mg N30,2402.35,6540.0,0.3673,MDL,OK,Лист3,860,861,
MED-0426,Lisinopril comp.20mg N28,557.51,1214.0,0.4592,MDL,OK,Лист3,862,863,
MED-0427,Lisinopril-BP comp.20mg N30,67.2,120.0,0.56,MDL,OK,Лист3,864,865,
MED-0428,Lisobact comp.de supt 20mg+10mg N30,52.41,30.0,1.747,MDL,OK,Лист3,866,867,
MED-0429,Loperamid caps. 2 mg N10x2,1198.22,1700.0,0.7048,MDL,OK,Лист3,868,869,
MED-0430,Lopril comp.10mg N20 *,531.86,1620.0,0.3283,MDL,OK,Лист3,870,871,
MED-0431,Lopril comp.20mg N20 *,332.16,720.0,0.4613,MDL,OK,Лист3,872,873,
MED-0432,Loratadin caps.10mg N20,47.72,40.0,1.193,MDL,OK,Лист3,874,875,
MED-0433,Loratadin SIROP 125mg N1,78.87,2.0,39.435,MDL,OK,Лист3,876,877,
MED-0434,Lornoxicam pulb/sol inj 8mg N5,2378.6,125.0,19.0288,MDL,OK,Лист3,878,879,
MED-0435,Losartan comp. 50mg N30,1517.7,2670.0,0.5684,MDL,OK,Лист3,880,881,
MED-0436,Lucetam comp.film.800mgn30,1263.61,690.0,1.8313,MDL,OK,Лист3,882,883,
MED-0437,Lugol sol.5% 100 ml,109.16,1.0,109.16,MDL,OK,Лист3,884,885,
MED-0438,Luminal sol inj. 1 ml N5,2714.51,63.0,43.0875,MDL,OK,Лист3,886,887,
MED-0439,Maalox® comprimate masticabile comp. masticab. 400 mg + 400 mg N10x4,207.86,120.0,1.7322,MDL,OK,Лист3,888,889,
MED-0440,"Maalox® suspensie orala susp. orala 4 g + 3,5 g/100 ml 250 ml N1",18194.02,220.0,82.7001,MDL,OK,Лист3,890,891,
MED-0441,Magne B6 sol.orala N10,957.02,120.0,7.9752,MDL,OK,Лист3,892,893,
MED-0442,Magne-B6 comp. film. N60 *,164.7,60.0,2.745,MDL,OK,Лист3,894,895,
MED-0443,Manusi chirurgicale sterile cu pudra N 6.0,330.9,110.0,3.0082,MDL,OK,Лист3,896,897,
MED-0444,Manusi chirurgicale sterile cu pudra N7,902.49,300.0,3.0083,MDL,OK,Лист3,898,899,
MED-0445,Manusi chirurgicale sterile cu pudra N7.5,5097.44,1600.0,3.1859,MDL,OK,Лист3,900,901,
MED-0446,Manusi chirurgicale sterile cu pudra N8,2153.17,700.0,3.076,MDL,OK,Лист3,902,903,
MED-0447,"Manusi chirurgicale sterile N 8,5",601.66,200.0,3.0083,MDL,OK,Лист3,904,905,
MED-0448,Manusi latex cu pudra n/s L,6122.76,8400.0,0.7289,MDL,OK,Лист3,906,907,
MED-0449,Manusi latex cu pudra n/s M,6122.76,8400.0,0.7289,MDL,OK,Лист3,908,909,
MED-0450,Manusi latex cu pudra n/s S,3400.0,5000.0,0.68,MDL,OK,Лист3,910,911,
MED-0451,Manusi n/s fara pudra L( latex)N100,1555.2,4000.0,0.3888,MDL,OK,Лист3,912,913,
MED-0452,Manusi n/s fara pudra M (latex) N 100,2293.92,5900.0,0.3888,MDL,OK,Лист3,914,915,
MED-0453,Manusi n/s fara pudra S (latex) N 100,1929.79,2600.0,0.7422,MDL,OK,Лист3,916,917,
MED-0454,Manusi n/s pt examinare din latex cu pudra( XL) N100,508.3,1300.0,0.391,MDL,OK,Лист3,918,919,
MED-0455,Manusi n/s pt examinare din latex cu pudra(L) N100,430.1,1100.0,0.391,MDL,OK,Лист3,920,921,
MED-0456,Manusi n/s pt examinare din latex cu pudra(M)pereche,2544.48,5000.0,0.5089,MDL,OK,Лист3,922,923,
MED-0457,Manusi n/s pt examinare din latex cu pudra(S)pereche,1526.69,3000.0,0.5089,MDL,OK,Лист3,924,925,
MED-0458,"Manusi n/s,latex L,N 100",5885.0,10700.0,0.55,MDL,OK,Лист3,926,927,
MED-0459,"Manusi n/s,latex M,N 100",7040.0,12800.0,0.55,MDL,OK,Лист3,928,929,
MED-0460,"Matasa neagra impletita USP 0,L-75cm,ac1/2 curbura taper point 25mmN1",793.15,120.0,6.6096,MDL,OK,Лист3,930,931,
MED-0461,"Matasa neagra impletita USP0,L-75cm,ac1/2cerc corp rotund 35mmN1",713.83,108.0,6.6095,MDL,OK,Лист3,932,933,
MED-0462,"Matasa neagra impletita USP2/0,L-75cm,ac1/2cerc corp rotund 30mmN1",793.15,120.0,6.6096,MDL,OK,Лист3,934,935,
MED-0463,Matase naturala USP 0-lung.acului(mm)-35,1947.37,264.0,7.3764,MDL,OK,Лист3,936,937,
MED-0464,Maxitrol 5ml pic.oft.N1,46.22,1.0,46.22,MDL,OK,Лист3,938,939,
MED-0465,Meldonat caps.500mg N60,3214.07,1380.0,2.329,MDL,OK,Лист3,940,941,
MED-0466,Meloxicam sol.inj 10mg/ml 1.5ml N10,150.0,60.0,2.5,MDL,OK,Лист3,942,943,
MED-0467,Meropenem pulb.sol.inj.perf.1000mg N1,750.38,20.0,37.519,MDL,OK,Лист3,944,945,
MED-0468,"Metigast pic.orale,emulsie 40mg/ml 30ml",1111.36,25.0,44.4544,MDL,OK,Лист3,946,947,
MED-0469,Metilprednisolon comp.4mg N20,544.1,320.0,1.7003,MDL,OK,Лист3,948,949,
MED-0470,Metilprednisolon pulb/solv.250mg 4mlN1+1,2065.04,12.0,172.0867,MDL,OK,Лист3,950,951,
MED-0471,Metilprednisolon pulb/solv.40mg/1ml N5,2172.84,40.0,54.321,MDL,OK,Лист3,952,953,
MED-0472,Metilprednisolon sol.inj.500mg/7.8ml N1+1,3168.08,8.0,396.01,MDL,OK,Лист3,954,955,
MED-0473,Metilprednisolon susp.inj.40mg/ml 1ml N5,578.34,10.0,57.834,MDL,OK,Лист3,956,957,
MED-0474,Metoclopramid comp.10mg N60,294.05,300.0,0.9802,MDL,OK,Лист3,958,959,
MED-0475,"Metoclopramid sol. inj. 0,5% 2 ml N10",4888.12,3570.0,1.3692,MDL,OK,Лист3,960,961,
MED-0476,Metoprolol 100 comp. mg N30 *,87.16,120.0,0.7263,MDL,OK,Лист3,962,963,
MED-0477,Metoprolol 50 comp. mg N30 *,251.31,600.0,0.4189,MDL,OK,Лист3,964,965,
MED-0478,Metoprolol Tartrat Injection 1mg/ml 5ml N5,264.55,23.0,11.5022,MDL,OK,Лист3,966,967,
MED-0479,Metoprolol(EMBETA)50mg.N30,112.06,270.0,0.415,MDL,OK,Лист3,968,969,
MED-0480,Metronidazol ovule. 500 mg N10,30.43,10.0,3.043,MDL,OK,Лист3,970,971,
MED-0481,Metrozol comp.500mg N20,1935.23,2220.0,0.8717,MDL,OK,Лист3,972,973,
MED-0482,Mezaton sol. inj. 1% 1 ml N10,129.42,50.0,2.5884,MDL,OK,Лист3,974,975,
MED-0483,Mezym forte comp. film. N80,1174.95,1360.0,0.8639,MDL,OK,Лист3,976,977,
MED-0484,Microperfuzare sterile G26,313.5,550.0,0.57,MDL,OK,Лист3,978,979,
MED-0485,Microperfuzoare sterile(fluturase)cu ac G20,756.0,1400.0,0.54,MDL,OK,Лист3,980,981,
MED-0486,Microperfuzoare sterile(fluturase)cu ac G24,1311.48,2230.0,0.5881,MDL,OK,Лист3,982,983,
MED-0487,Microperfuzoare sterile(fluturase)cu ac G25,552.0,1000.0,0.552,MDL,OK,Лист3,984,985,
MED-0488,Microperfuzoare sterile(fluturase)cu ac G27,29.0,50.0,0.58,MDL,OK,Лист3,986,987,
MED-0489,Microperfuzoare sterile(fluturoase)cu ac G20,540.0,1000.0,0.54,MDL,OK,Лист3,988,989,
MED-0490,Microperfuzoare sterile(fluturoase)cu ac G22,2694.68,4830.0,0.5579,MDL,OK,Лист3,990,991,
MED-0491,Microperfuzoare sterileN23,902.8,1660.0,0.5439,MDL,OK,Лист3,992,993,
MED-0492,Mildronat sol.inj. 10% 5ml N10 *,44.14,10.0,4.414,MDL,OK,Лист3,994,995,
MED-0493,Misofar comp.vag.25mg N8,995.13,24.0,41.4637,MDL,OK,Лист3,996,997,
MED-0494,Monosan comp 20mg N30,1206.19,1260.0,0.9573,MDL,OK,Лист3,998,999,
MED-0495,Monosan comp 40mg N30,289.15,150.0,1.9277,MDL,OK,Лист3,1000,1001,
MED-0496,Morfina clorhidrat sol.inj 1ml N5*20,2857.77,835.0,3.4225,MDL,OK,Лист3,1002,1003,
MED-0497,Moxicum sol.perf 400mg/250ml N1,2617.98,43.0,60.8833,MDL,OK,Лист3,1004,1005,
MED-0498,Mydocalm comp.150mg N30,40876.81,25070.0,1.6305,MDL,OK,Лист3,1006,1007,
MED-0499,Naftizin pic.naz 0.05%10mlN1,199.49,17.0,11.7347,MDL,OK,Лист3,1008,1009,
MED-0500,Naftizin pic.naz 0.1%10mlN1,51.76,4.0,12.94,MDL,OK,Лист3,1010,1011,
MED-0501,Nakom comp.250mg 100,945.34,300.0,3.1511,MDL,OK,Лист3,1012,1013,
MED-0502,Nalgesin forte 550 mg N10,680.94,130.0,5.238,MDL,OK,Лист3,1014,1015,
MED-0503,Nalgesin forte 550mg comp.N10,261.9,50.0,5.238,MDL,OK,Лист3,1016,1017,
MED-0504,Neiromidin sol.inj 0.5%/1ml N10 *,717.52,80.0,8.969,MDL,OK,Лист3,1018,1019,
MED-0505,Neiromidin sol.inj 1.5%/1ml N10 *,599.6,40.0,14.99,MDL,OK,Лист3,1020,1021,
MED-0506,Neopregnan ovule 200mg N12,5150.57,552.0,9.3307,MDL,OK,Лист3,1022,1023,
MED-0507,Neurocytin sol.perf.100ml N1,3679.03,90.0,40.8781,MDL,OK,Лист3,1024,1025,
MED-0508,Neuroxon sol.inj 250mg/2ml N10,1181.52,100.0,11.8152,MDL,OK,Лист3,1026,1027,
MED-0509,Nifurox caps.200mg N30,816.2,690.0,1.1829,MDL,OK,Лист3,1028,1029,
MED-0510,Nifuroxazid 200mg/5ml 100ml susp.orala N1,213.84,9.0,23.76,MDL,OK,Лист3,1030,1031,
MED-0511,Nimesulid -BP pulb/sol orala 100 mg 2.5g,472.5,250.0,1.89,MDL,OK,Лист3,1032,1033,
MED-0512,Nisit 100mg N20comp,54.96,100.0,0.5496,MDL,OK,Лист3,1034,1035,
MED-0513,"Nitroglicerin comp. 0,5 mg N10x4",192.31,600.0,0.3205,MDL,OK,Лист3,1036,1037,
MED-0514,Nitroglycerin inj/sol.perf.5mg/2ml N10,3807.0,150.0,25.38,MDL,OK,Лист3,1038,1039,
MED-0515,"Nitromint aerosol dozat 0,4 mg/1 doza 10 g N1",479.21,11.0,43.5645,MDL,OK,Лист3,1040,1041,
MED-0516,Nolpaza comp.40mgN30,924.17,990.0,0.9335,MDL,OK,Лист3,1042,1043,
MED-0517,Novirin comp.500mg N40,1344.72,560.0,2.4013,MDL,OK,Лист3,1044,1045,
MED-0518,Novirin sirop 50mg/ml 120ml N1,2006.78,24.0,83.6158,MDL,OK,Лист3,1046,1047,
MED-0519,"Novocain-Darnita sol. inj. 0,5% 5 ml N10",8119.26,6160.0,1.3181,MDL,OK,Лист3,1048,1049,
MED-0520,Nuropentine caps.300mg N100 *,652.02,300.0,2.1734,MDL,OK,Лист3,1050,1051,
MED-0521,Octra sol.inj.0.1mg/ml 1ml N5,2296.14,110.0,20.874,MDL,OK,Лист3,1052,1053,
MED-0522,Ofloxacina sol.perf.2mg/10ml 100ml N1,856.56,30.0,28.552,MDL,OK,Лист3,1054,1055,
MED-0523,Omezole-20 caps. 20 mg N30 *,2443.13,7560.0,0.3232,MDL,OK,Лист3,1056,1057,
MED-0524,Omnopon sol.inj 1ml N5*20,11501.66,1160.0,9.9152,MDL,OK,Лист3,1058,1059,
MED-0525,Oseltamivir 75mg caps N10,2521.31,290.0,8.6942,MDL,OK,Лист3,1060,1061,
MED-0526,Oxitocina sol.inj.5UI/ml 1ml N10,9757.82,3050.0,3.1993,MDL,OK,Лист3,1062,1063,
MED-0527,Pagamax caps.300 mg. N 56,1480.53,448.0,3.3048,MDL,OK,Лист3,1064,1065,
MED-0528,Pansament adeziv p/u cateter 10cmX12 cm N50,960.38,700.0,1.372,MDL,OK,Лист3,1066,1067,
MED-0529,Pansament adeziv steril 10cmx35cm N1,127.38,45.0,2.8307,MDL,OK,Лист3,1068,1069,
MED-0530,Pansament adeziv steril 15cmx8cm N1,324.0,100.0,3.24,MDL,OK,Лист3,1070,1071,
MED-0531,Pansament impregnat cu unguent neutru si argint 10*10 N10,1462.52,30.0,48.7507,MDL,OK,Лист3,1072,1073,
MED-0532,Pansament impregnat cu unguent neutru si argint 5*5 N10,523.48,20.0,26.174,MDL,OK,Лист3,1074,1075,
MED-0533,Pansament steril 10cm*20cm,648.0,200.0,3.24,MDL,OK,Лист3,1076,1077,
MED-0534,Pansament steril 10cm*30cm,189.0,50.0,3.78,MDL,OK,Лист3,1078,1079,
MED-0535,Pantoprazol sol.inj 40 mg N10,696.62,10.0,69.662,MDL,OK,Лист3,1080,1081,
MED-0536,Panzimed caps.gastrorez.0.25(10000UA) N100,1288.0,1400.0,0.92,MDL,OK,Лист3,1082,1083,
MED-0537,Panzimed caps.gastrorez.3500 N20,249.6,320.0,0.78,MDL,OK,Лист3,1084,1085,
MED-0538,Panzimed caps.gastrorez.N20,296.4,380.0,0.78,MDL,OK,Лист3,1086,1087,
MED-0539,Papaverina clorhidrat sol. inj. 2% 2 ml N10,982.68,1020.0,0.9634,MDL,OK,Лист3,1088,1089,
MED-0540,Paracetamol 10MG/100ml.flac.N1,39.69,3.0,13.23,MDL,OK,Лист3,1090,1091,
MED-0541,"Paracetamol comp. 0,5 g N10",746.51,3260.0,0.229,MDL,OK,Лист3,1092,1093,
MED-0542,Paracetamol sirop 120mg/5ml 100ml N1,219.96,12.0,18.33,MDL,OK,Лист3,1094,1095,
MED-0543,Paracetamol sup. 125 mg N10,136.6,80.0,1.7075,MDL,OK,Лист3,1096,1097,
MED-0544,Paracetamol sup. 125 mg N6 *,55.98,36.0,1.555,MDL,OK,Лист3,1098,1099,
MED-0545,Paracetamol sup. 250mg N 6,127.0,60.0,2.1167,MDL,OK,Лист3,1100,1101,
MED-0546,Parlazin pic.10mg/ml 20ml N1,539.25,11.0,49.0227,MDL,OK,Лист3,1102,1103,
MED-0547,Penestin 500pulb/sol.perf N1,550.15,10.0,55.015,MDL,OK,Лист3,1104,1105,
MED-0548,Pentoxifilina comp.200mg N20,534.49,780.0,0.6852,MDL,OK,Лист3,1106,1107,
MED-0549,Pentoxifilina sol. inj. 2% 5 ml N10,38637.63,19700.0,1.9613,MDL,OK,Лист3,1108,1109,
MED-0550,Peroxid de hidrogen sol. cutan. 3% 100 ml N1,157.24,26.0,6.0477,MDL,OK,Лист3,1110,1111,
MED-0551,Peroxid de hidrogen sol. cutan. 3% 1000 ml N1,4187.6,188000.0,0.0223,MDL,OK,Лист3,1112,1113,
MED-0552,Peroxid de hidrogen sol. cutan. 35%   (Perghidrol),620.4,22.0,28.2,MDL,OK,Лист3,1114,1115,
MED-0553,Phenazepam comp.1mg N 50,929.29,400.0,2.3232,MDL,OK,Лист3,1116,1117,
MED-0554,Phenihydin-Zdorovye comp. 10mg N50,359.1,950.0,0.378,MDL,OK,Лист3,1118,1119,
MED-0555,Picaturi cardiace -MC pi.orale sol.50ml N1,373.3,20.0,18.665,MDL,OK,Лист3,1120,1121,
MED-0556,Pilocarpin pic.oft 1%10mlN1,139.89,5.0,27.978,MDL,OK,Лист3,1122,1123,
MED-0557,Pipolphen 25mg/2ml sol.injN10,310.43,50.0,6.2086,MDL,OK,Лист3,1124,1125,
MED-0558,Piracetam sol. inj. 20% 5 ml N5x2,2795.14,2530.0,1.1048,MDL,OK,Лист3,1126,1127,
MED-0559,Piridoxin-BP 50mg/ml 1ml sol.inj.N5x2,4718.7,3150.0,1.498,MDL,OK,Лист3,1128,1129,
MED-0560,Plasture steril adeziv 10#15cm,324.0,100.0,3.24,MDL,OK,Лист3,1130,1131,
MED-0561,Plasture steril adeziv 10#20cm,324.0,100.0,3.24,MDL,OK,Лист3,1132,1133,
MED-0562,"Platifilina sol. inj. 0,2% 1 ml N10",2763.03,850.0,3.2506,MDL,OK,Лист3,1134,1135,
MED-0563,Plosca urinara cu capac gradata,189.0,5.0,37.8,MDL,OK,Лист3,1136,1137,
MED-0564,Plosca urinara pentru barbati,265.44,14.0,18.96,MDL,OK,Лист3,1138,1139,
MED-0565,POLIPROPILEN sutura,1452.3,156.0,9.3096,MDL,OK,Лист3,1140,1141,
MED-0566,"Polipropilen USP 2-0,ac 20-22mm",946.08,120.0,7.884,MDL,OK,Лист3,1142,1143,
MED-0567,Povidon iod 10% 100 ml,278.64,6.0,46.44,MDL,OK,Лист3,1144,1145,
MED-0568,Povidon iod 1000 ml N1,13032.84,69000.0,0.1889,MDL,OK,Лист3,1146,1147,
MED-0569,Povidon-iodin sup.N14,325.98,98.0,3.3263,MDL,OK,Лист3,1148,1149,
MED-0570,Pranogir comp. 500mg N20 *,143.92,60.0,2.3987,MDL,OK,Лист3,1150,1151,
MED-0571,Pranogir sirop 50mg/120 ml N1,454.86,7.0,64.98,MDL,OK,Лист3,1152,1153,
MED-0572,Prednisolon 5 mg comp. 5 mg N40,226.34,460.0,0.492,MDL,OK,Лист3,1154,1155,
MED-0573,Prednisolon sol. inj. 30 mg/ml 1 ml N3,951.62,123.0,7.7367,MDL,OK,Лист3,1156,1157,
MED-0574,Promedol sol.inj 20mg/ml 1ml N100,1676.7,150.0,11.178,MDL,OK,Лист3,1158,1159,
MED-0575,Promedol sol.inj N10,1455.64,135.0,10.7825,MDL,OK,Лист3,1160,1161,
MED-0576,Propofol 10mg.20ml N5 emuls.inj/perf,5085.12,319.0,15.9408,MDL,OK,Лист3,1162,1163,
MED-0577,Protamina sulfat sol.inj 10ml N1,383.18,4.0,95.795,MDL,OK,Лист3,1164,1165,
MED-0578,Protaphane susp..inj.100UI/ml 10ml N1,7167.39,42.0,170.6521,MDL,OK,Лист3,1166,1167,
MED-0579,Prozerin sol.inj 0.5mg/ml 1ml N10 *,959.15,830.0,1.1556,MDL,OK,Лист3,1168,1169,
MED-0580,Pulcet comp.40mg N28 *,14.39,28.0,0.5139,MDL,OK,Лист3,1170,1171,
MED-0581,Pulmoxol sirop 15mg/5ml N 1,317.31,14.0,22.665,MDL,OK,Лист3,1172,1173,
MED-0582,Punga colostomica cu clipse,344.74,30.0,11.4913,MDL,OK,Лист3,1174,1175,
MED-0583,PUNGA p/u gheata 600ml,1008.0,30.0,33.6,MDL,OK,Лист3,1176,1177,
MED-0584,Punga urinara sterila pediatrica 100ml N1,53.28,60.0,0.888,MDL,OK,Лист3,1178,1179,
MED-0585,pungi p/u colectarea urinei 2L N1,7030.72,2430.0,2.8933,MDL,OK,Лист3,1180,1181,
MED-0586,Pungi p/u gheata marimea 6N1,162.0,5.0,32.4,MDL,OK,Лист3,1182,1183,
MED-0587,Ramipril comp.10mg N30,78.0,120.0,0.65,MDL,OK,Лист3,1184,1185,
MED-0588,Ramipril comp.5mgN30,52.5,90.0,0.5833,MDL,OK,Лист3,1186,1187,
MED-0589,Relaxil caps.125mg+25mg+25mg N20,1348.18,600.0,2.247,MDL,OK,Лист3,1188,1189,
MED-0590,Renalgan sol.inj.500mg.+2mg/ml 5ml N5,5757.1,1390.0,4.1418,MDL,OK,Лист3,1190,1191,
MED-0591,Reopoliglucin sol. perf. 10% 200 ml N1,3769.08,135.0,27.9191,MDL,OK,Лист3,1192,1193,
MED-0592,Reopoliglucin sol. perf. 10% 400 ml N1 *,3436.99,77.0,44.6362,MDL,OK,Лист3,1194,1195,
MED-0593,Respiridon comp 2mg N20,15.6,20.0,0.78,MDL,OK,Лист3,1196,1197,
MED-0594,Rhinostop comp.N20,180.88,100.0,1.8088,MDL,OK,Лист3,1198,1199,
MED-0595,Riboxina sol. inj. 2% 5 ml N10,3355.41,2140.0,1.5679,MDL,OK,Лист3,1200,1201,
MED-0596,Rinalgit comp.10mg N20,31.36,20.0,1.568,MDL,OK,Лист3,1202,1203,
MED-0597,Risperidon -BP 2mg comp.N20,62.55,80.0,0.7819,MDL,OK,Лист3,1204,1205,
MED-0598,Ronem(meropenem) pulb/sol.inj 1gr N1,636.56,20.0,31.828,MDL,OK,Лист3,1206,1207,
MED-0599,Ronem(meropenem) pulb/sol.inj 500mg N1,504.84,20.0,25.242,MDL,OK,Лист3,1208,1209,
MED-0600,Salbutamol susp.inhal.100mcg/200doze N1*,8177.15,305.0,26.8103,MDL,OK,Лист3,1210,1211,
MED-0601,Sanocard  comp. 150mg N30,572.99,750.0,0.764,MDL,OK,Лист3,1212,1213,
MED-0602,Sanocard  comp. 75mg N30,3157.8,11880.0,0.2658,MDL,OK,Лист3,1214,1215,
MED-0603,Scutece adulti XL N30,117.61,30.0,3.9203,MDL,OK,Лист3,1216,1217,
MED-0604,Scutece Curelex pt adulti L N30,976.86,270.0,3.618,MDL,OK,Лист3,1218,1219,
MED-0605,Scutece Curelex pt adulti XL N30,705.67,180.0,3.9204,MDL,OK,Лист3,1220,1221,
MED-0606,Sekrol Pediatric Syrup sirop 15 mg/5 ml 150 ml N1,763.83,41.0,18.63,MDL,OK,Лист3,1222,1223,
MED-0607,Seringa 10ml 3componente 21Gx1 1/2 0.7#40mm,407.97,540.0,0.7555,MDL,OK,Лист3,1224,1225,
MED-0608,Seringa 20ml 2comp.21Gx1 1/2 0.8x40mm,7824.75,7500.0,1.0433,MDL,OK,Лист3,1226,1227,
MED-0609,Seringa 20ml 2comp.21Gx1 1/2 0.9x40mm,5428.71,6300.0,0.8617,MDL,OK,Лист3,1228,1229,
MED-0610,Seringa 20ml 3comp.21Gx1 1/2 0.8x40mm,2906.54,3373.0,0.8617,MDL,OK,Лист3,1230,1231,
MED-0611,Seringa 2ml 3 comp.23Gx1 0.6x25mm(Dita),2565.34,8900.0,0.2882,MDL,OK,Лист3,1232,1233,
MED-0612,Seringa 5ml 3componente 22Gx1,7371.96,23480.0,0.314,MDL,OK,Лист3,1234,1235,
MED-0613,Seringa Jane 150ml N1,922.99,107.0,8.6261,MDL,OK,Лист3,1236,1237,
MED-0614,Seringa Jane 60ml N1,2097.54,890.0,2.3568,MDL,OK,Лист3,1238,1239,
MED-0615,Seringa Jane 60ml N1,64.26,25.0,2.5704,MDL,OK,Лист3,1240,1241,
MED-0616,"Seringa p/u insulina 1ml,100 UI",42.25,80.0,0.5281,MDL,OK,Лист3,1242,1243,
MED-0617,"Seringa sterila cu ac,pentru insulina",3000.13,6100.0,0.4918,MDL,OK,Лист3,1244,1245,
MED-0618,Sermigolin(nicergolin4mg+5ml solv)N 1,683.2,26.0,26.2769,MDL,OK,Лист3,1246,1247,
MED-0619,Servetel material netesut 40#40 cm n/s,8514.45,9750.0,0.8733,MDL,OK,Лист3,1248,1249,
MED-0620,Servetel material netesut 40#40 cm steril,1500.0,250.0,6.0,MDL,OK,Лист3,1250,1251,
MED-0621,Set clisma unica folosinta N1,86.31,9.0,9.59,MDL,OK,Лист3,1252,1253,
MED-0622,SET PT INFUZIE INTRAOSOASA(OMS),22102.4,1.0,22102.4,MDL,OK,Лист3,1254,1255,
MED-0623,Sevorane lichid/vapori de inhalat 250ml N1,1717.18,1.0,1717.18,MDL,OK,Лист3,1256,1257,
MED-0624,Sevotroy 250lichid/vapori de inhalat 250ml N1,8141.2,8.0,1017.65,MDL,OK,Лист3,1258,1259,
MED-0625,Sibazon comp.5mg N20,115.19,460.0,0.2504,MDL,OK,Лист3,1260,1261,
MED-0626,"Sibazon(diazepam)0,5/2ml N10",1267.16,475.0,2.6677,MDL,OK,Лист3,1262,1263,
MED-0627,Silimarin forte caps.140 mg N30 *,6190.22,7470.0,0.8287,MDL,OK,Лист3,1264,1265,
MED-0628,Sinupret draj.N 50,220.72,100.0,2.2072,MDL,OK,Лист3,1266,1267,
MED-0629,Siprobel comp.500mg N14(ciproflox.),3507.2,1846.0,1.8999,MDL,OK,Лист3,1268,1269,
MED-0630,Sisteme p/u nutritie enterala gravitational vol.1200 ml,339.66,17.0,19.98,MDL,OK,Лист3,1270,1271,
MED-0631,Sisteme p/u transfuzii,1521.45,575.0,2.646,MDL,OK,Лист3,1272,1273,
MED-0632,Sisteme pt infuzie cu ac metalic 150cmN1,42150.2,29250.0,1.441,MDL,OK,Лист3,1274,1275,
MED-0633,Sol.Ringher 200ml(sticla)N1,3032.64,600.0,5.0544,MDL,OK,Лист3,1276,1277,
MED-0634,Solutie Ringer sol. perf. 200 ml N1,1248.63,268.0,4.6591,MDL,OK,Лист3,1278,1279,
MED-0635,Solutie Ringer sol. perf. 400 ml N1,1330.12,154.0,8.6371,MDL,OK,Лист3,1280,1281,
MED-0636,Somnol comp 7.5mg N30,113.82,150.0,0.7588,MDL,OK,Лист3,1282,1283,
MED-0637,Sonda gastro duodenale 16 Fr,4800.0,200.0,24.0,MDL,OK,Лист3,1284,1285,
MED-0638,Sonda nazo-gastrica CH16,1019.52,590.0,1.728,MDL,OK,Лист3,1286,1287,
MED-0639,Sonda nazo-gastrica CH18,182.52,90.0,2.028,MDL,OK,Лист3,1288,1289,
MED-0640,Sorbifer Durules comp. film. 320 mg + 60 mg N40,5653.7,3680.0,1.5363,MDL,OK,Лист3,1290,1291,
MED-0641,Sorbilact sol.200ml N1 *,2830.44,35.0,80.8697,MDL,OK,Лист3,1292,1293,
MED-0642,Spasmoverin Forte comp. 80mg N30 *,724.68,720.0,1.0065,MDL,OK,Лист3,1294,1295,
MED-0643,Spatule din lemn N100,21.3,100.0,0.213,MDL,OK,Лист3,1296,1297,
MED-0644,Spatule N100 sterile,1049.8,4510.0,0.2328,MDL,OK,Лист3,1298,1299,
MED-0645,Spazmotek sol.inj.20mg/1ml N6 *,159.42,36.0,4.4283,MDL,OK,Лист3,1300,1301,
MED-0646,Spirinolactona caps.50mg N30,6984.9,5610.0,1.2451,MDL,OK,Лист3,1302,1303,
MED-0647,Spironolacton comp. 25 mg N30,4243.21,3060.0,1.3867,MDL,OK,Лист3,1304,1305,
MED-0648,Spironolacton comp. 50 mg N30,3842.25,3520.0,1.0915,MDL,OK,Лист3,1306,1307,
MED-0649,Sterofundin ISO sol. perf. 1000 ml N1,4038.41,110.0,36.7128,MDL,OK,Лист3,1308,1309,
MED-0650,Sterofundin ISO sol. perf. 500 ml N1,2052.26,80.0,25.6533,MDL,OK,Лист3,1310,1311,
MED-0651,Stilnox comp. film. diviz. 10 mg N14,1052.23,364.0,2.8907,MDL,OK,Лист3,1312,1313,
MED-0652,Strepsils intensiv miere si lamiie 8.75 mg N24,318.81,72.0,4.4279,MDL,OK,Лист3,1314,1315,
MED-0653,"Strofantin G sol. inj. 0,025% 1 ml N10",569.69,440.0,1.2948,MDL,OK,Лист3,1316,1317,
MED-0654,Sulfacil pic.oft.300 mg/ml 10 ml N1 *,177.93,11.0,16.1755,MDL,OK,Лист3,1318,1319,
MED-0655,"Sulfat de atropina sol. inj. 0,1% 1 ml N10",138.23,100.0,1.3823,MDL,OK,Лист3,1320,1321,
MED-0656,Sulfat de Bariu pt rentghenoscopie 100grN5,3265.8,30.0,108.86,MDL,OK,Лист3,1322,1323,
MED-0657,Sulfat de magneziu sol. inj. 25% 5 ml N50 *,12750.57,8880.0,1.4359,MDL,OK,Лист3,1324,1325,
MED-0658,Sutura chirurgicala Nylon 2/0 ac rotund 1/2#26mm 75cm N12,569.52,60.0,9.492,MDL,OK,Лист3,1326,1327,
MED-0659,Tachyben sol.inj.25mg 5ml N5 *,12153.83,675.0,18.0057,MDL,OK,Лист3,1328,1329,
MED-0660,Tachyben sol.inj.50mg 10ml N5 *,9070.32,290.0,31.277,MDL,OK,Лист3,1330,1331,
MED-0661,Tagista comp.24mgN30,37.58,30.0,1.2527,MDL,OK,Лист3,1332,1333,
MED-0662,Takudex comp.75mg/25mg N15,4942.62,720.0,6.8647,MDL,OK,Лист3,1334,1335,
MED-0663,Tamidra(tamsol)caps.0.4mg N30,168.41,90.0,1.8712,MDL,OK,Лист3,1336,1337,
MED-0664,Taufon pic.oft 4% 10mlN1,17.87,2.0,8.935,MDL,OK,Лист3,1338,1339,
MED-0665,Termometru medical fara mercur,650.0,13.0,50.0,MDL,OK,Лист3,1340,1341,
MED-0666,Test Rapid Antigen SARS COV-2 N 25,536.56,100.0,5.3656,MDL,OK,Лист3,1342,1343,
MED-0667,Teste rapide de diagnostic Ag COVID 19 N25,1341.4,250.0,5.3656,MDL,OK,Лист3,1344,1345,
MED-0668,Tetraciclina ung 3%12gN1,47.97,2.0,23.985,MDL,OK,Лист3,1346,1347,
MED-0669,Tetracycline 1% 5gr ung oftalmic,1034.78,57.0,18.154,MDL,OK,Лист3,1348,1349,
MED-0670,Tifon med.n/s 90cmX1000m,1823.56,550.0,3.3156,MDL,OK,Лист3,1350,1351,
MED-0671,Tija / sold,258100.0,26.0,9926.9231,MDL,OK,Лист3,1352,1353,
MED-0672,Tija centromedulara zavorita canulata de humerus,23100.0,7.0,3300.0,MDL,OK,Лист3,1354,1355,
MED-0673,Tija centromedulara zavorita canulata de humerus-suruburi de zavoare distala diam.3.5-4.5mm,1900.0,10.0,190.0,MDL,OK,Лист3,1356,1357,
MED-0674,Timolol 0.5%5ml pic.oft.N1,202.89,13.0,15.6069,MDL,OK,Лист3,1358,1359,
MED-0675,Timonil retard comp. elib. prel. 600 mg N10x5,2866.0,500.0,5.732,MDL,OK,Лист3,1360,1361,
MED-0676,Timonil retard comp.150mg N50,276.64,200.0,1.3832,MDL,OK,Лист3,1362,1363,
MED-0677,Timonil retard comp.300mg N50,213.52,100.0,2.1352,MDL,OK,Лист3,1364,1365,
MED-0678,Tinctura de odoleana 25ml N1,349.92,36.0,9.72,MDL,OK,Лист3,1366,1367,
MED-0679,Tiopental-KMP liof./sol. inj. 1000 mg N10,3060.0,50.0,61.2,MDL,OK,Лист3,1368,1369,
MED-0680,Tiopental-KMP liof./sol. inj. 500 mg N1,2637.36,120.0,21.978,MDL,OK,Лист3,1370,1371,
MED-0681,Tiopental-KMP liof./sol. inj. 500 mg N10,6987.5,100.0,69.875,MDL,OK,Лист3,1372,1373,
MED-0682,Tiosulfat de sodiu-Darnita sol. inj. 30% 5 ml N10,1212.55,320.0,3.7892,MDL,OK,Лист3,1374,1375,
MED-0683,Tivortin 4.2% sol.perf 100ml N1(arginina),4175.71,120.0,34.7976,MDL,OK,Лист3,1376,1377,
MED-0684,Tiyokas 50g gel N1,382.85,5.0,76.57,MDL,OK,Лист3,1378,1379,
MED-0685,"Tobrom pic. oft., sol. 3 mg/ml 5 ml N1",12.45,1.0,12.45,MDL,OK,Лист3,1380,1381,
MED-0686,Tomohexol sol.inj 350mg/ml100 ml N1,19753.64,60.0,329.2273,MDL,OK,Лист3,1382,1383,
MED-0687,Torasemid comp.10mg N30,2401.16,4140.0,0.58,MDL,OK,Лист3,1384,1385,
MED-0688,Torasemid comp.5mg N30,486.43,1250.0,0.3891,MDL,OK,Лист3,1386,1387,
MED-0689,Torsid comp.10mg N30,72.9,150.0,0.486,MDL,OK,Лист3,1388,1389,
MED-0690,Torsid sol.inj.5mg/ml 4ml N5,132.3,10.0,13.23,MDL,OK,Лист3,1390,1391,
MED-0691,Tramadol 5%2ml sol.inj N10,5546.0,2920.0,1.8993,MDL,OK,Лист3,1392,1393,
MED-0692,Tramadol caps.50mg N20,60.03,100.0,0.6003,MDL,OK,Лист3,1394,1395,
MED-0693,Tramadol sol. inj.100mg/2 ml N5,1660.71,940.0,1.7667,MDL,OK,Лист3,1396,1397,
MED-0694,Transec sol.inj.500mg/5ml N5,2286.57,335.0,6.8256,MDL,OK,Лист3,1398,1399,
MED-0695,Tricortin 1000sol.inj 12mg+1mg/2ml N5,948.56,20.0,47.428,MDL,OK,Лист3,1400,1401,
MED-0696,Trimetazidin comp.35mg N60,112.52,120.0,0.9377,MDL,OK,Лист3,1402,1403,
MED-0697,Trisol sol.perf.400ml N1,6113.32,384.0,15.9201,MDL,OK,Лист3,1404,1405,
MED-0698,Trombex comp. film. 75 mg N30,95.94,150.0,0.6396,MDL,OK,Лист3,1406,1407,
MED-0699,"Tropicamida pic. oft., sol. 0,5% 10 ml N1",264.6,15.0,17.64,MDL,OK,Лист3,1408,1409,
MED-0700,"Tropicamida pic. oft., sol. 1% 10 ml N1",99.72,4.0,24.93,MDL,OK,Лист3,1410,1411,
MED-0701,Tub conector la tubul de intubare Mount N1,1134.0,100.0,11.34,MDL,OK,Лист3,1412,1413,
MED-0702,Tylol 120mg/5ml 100ml susp.orala N1,225.1,14.0,16.0786,MDL,OK,Лист3,1414,1415,
MED-0703,Tylol Hot 20g N12 plic,433.05,72.0,6.0146,MDL,OK,Лист3,1416,1417,
MED-0704,Unguent cu hidrocortisona ung. 1% 20 g N1,280.26,15.0,18.684,MDL,OK,Лист3,1418,1419,
MED-0705,Urfocin 3g gran/oral sol.N1,632.52,15.0,42.168,MDL,OK,Лист3,1420,1421,
MED-0706,Urfocin 3g gran/oral.sol N1,632.52,15.0,42.168,MDL,OK,Лист3,1422,1423,
MED-0707,Utrogestan caps 100 mg N30,678.09,180.0,3.7672,MDL,OK,Лист3,1424,1425,
MED-0708,Valeriana tinctura 25 ml N1,317.84,20.0,15.892,MDL,OK,Лист3,1426,1427,
MED-0709,Valfen caps. N30,73.96,60.0,1.2327,MDL,OK,Лист3,1428,1429,
MED-0710,Valsartan comp. 160mg N30,594.0,450.0,1.32,MDL,OK,Лист3,1430,1431,
MED-0711,Vancomicin 1000mg.sol.inj N 1,10964.79,104.0,105.4307,MDL,OK,Лист3,1432,1433,
MED-0712,Vancomicin 1000mg.sol.inj N1,3287.25,30.0,109.575,MDL,OK,Лист3,1434,1435,
MED-0713,Vancomicin HCI 500mg N 1,295.92,20.0,14.796,MDL,OK,Лист3,1436,1437,
MED-0714,Vancomicina HCI 500mg N10,3654.72,180.0,20.304,MDL,OK,Лист3,1438,1439,
MED-0715,Vata hidrofila p/u uz medicinal 250 gr N1 *,7916.47,484.0,16.3563,MDL,OK,Лист3,1440,1441,
MED-0716,Venlaxor comp.75 mg N30,759.94,240.0,3.1664,MDL,OK,Лист3,1442,1443,
MED-0717,Verapamil clorhidrat comp. film. 80 mg N10x5,32.94,50.0,0.6588,MDL,OK,Лист3,1444,1445,
MED-0718,Verapamil comp. film. 80 mg N50 *,166.1,250.0,0.6644,MDL,OK,Лист3,1446,1447,
MED-0719,"Verapamil sol.inj.0,25.2ml 10",299.7,170.0,1.7629,MDL,OK,Лист3,1448,1449,
MED-0720,Vermigal susp.orala 400mgN1,190.51,10.0,19.051,MDL,OK,Лист3,1450,1451,
MED-0721,Vicasol sol.inj.10mg/ml 1mlN10,731.82,280.0,2.6136,MDL,OK,Лист3,1452,1453,
MED-0722,Viferon 150000 sup.N10,291.6,60.0,4.86,MDL,OK,Лист3,1454,1455,
MED-0723,Vincamin-BP sol.inj. 7.5mg/ml 2ml N5x2,13227.0,600.0,22.045,MDL,OK,Лист3,1456,1457,
MED-0724,Vinpocetina  sol. inj.5mg/ml 2ml N10,5455.81,3150.0,1.732,MDL,OK,Лист3,1458,1459,
MED-0725,Vinpocetina  sol. inj.5mg/ml 5ml N10,47269.6,4090.0,11.5574,MDL,OK,Лист3,1460,1461,
MED-0726,Viprosal B ung.50gr.N1,154.69,2.0,77.345,MDL,OK,Лист3,1462,1463,
MED-0727,Visipaque sol.inj.320mg.100ml N10,46406.85,90.0,515.6317,MDL,OK,Лист3,1464,1465,
MED-0728,Vita-melatonina comp.3mg N30,698.45,290.0,2.4084,MDL,OK,Лист3,1466,1467,
MED-0729,Vitamina B6 sol.inj 50mg/1ml N10,7232.52,4980.0,1.4523,MDL,OK,Лист3,1468,1469,
MED-0730,Vitamina D3 pic.orale 0.45mg/ml10mlN1,26.15,1.0,26.15,MDL,OK,Лист3,1470,1471,
MED-0731,Vitaxon sol.inj 2mlN5,7410.46,2650.0,2.7964,MDL,OK,Лист3,1472,1473,
MED-0732,"ViziDol pic. oft.,sol.0.5% 5ml",200.82,3.0,66.94,MDL,OK,Лист3,1474,1475,
MED-0733,Warfarex comp.3 mg N100 *,72.36,100.0,0.7236,MDL,OK,Лист3,1476,1477,
MED-0734,Wishnevsky liniment 40 g N1,2688.37,76.0,35.3733,MDL,OK,Лист3,1478,1479,
MED-0735,Xefocam comp.8mg N10,156.08,40.0,3.902,MDL,OK,Лист3,1480,1481,
MED-0736,Zenofor 1000mg N60,25.27,60.0,0.4212,MDL,OK,Лист3,1482,1483,
MED-0737,"Zibor 2500 sol. inj. ser. preump. 2500 UI/0,2 ml 0,2 ml N10",29022.42,740.0,39.2195,MDL,OK,Лист3,1484,1485,
MED-0738,"Zibor 3500 sol. inj. ser. preump. 3500 UI/0,2 ml 0,2 ml N10",7845.15,120.0,65.3762,MDL,OK,Лист3,1486,1487,
MED-0739,Zinc oxid ung.10% 25g,321.04,11.0,29.1855,MDL,OK,Лист3,1488,1489,
MED-0740,Zinnat gran/susp.orala 125mg/5ml 100ml N1,448.5,2.0,224.25,MDL,OK,Лист3,1490,1491,
